"producer","model","brand","size"
"RENAULT","MEGANE","RENAULT  MEGANE",7947
"VOLKSWAGEN","PASSAT","VOLKSWAGEN  PASSAT",6279
"SKODA","OCTAVIA","SKODA  OCTAVIA",4116
"KIA","SPORTAGE","KIA  SPORTAGE",4103
"TOYOTA","RAV4","TOYOTA  RAV4",3084
"RENAULT","DUSTER","RENAULT  DUSTER",3081
"RENAULT","LOGAN","RENAULT  LOGAN",3071
"SKODA","FABIA","SKODA  FABIA",2961
"TOYOTA","CAMRY","TOYOTA  CAMRY",2763
"VOLKSWAGEN","GOLF","VOLKSWAGEN  GOLF",2702
"FORD","FOCUS","FORD  FOCUS",2373
"VOLKSWAGEN","TIGUAN","VOLKSWAGEN  TIGUAN",2245
"NISSAN","QASHQAI","NISSAN  QASHQAI",2179
"HYUNDAI","TUCSON","HYUNDAI  TUCSON",2154
"SKODA","OCTAVIA A7","SKODA  OCTAVIA A7",2153
"RAVON","R2","RAVON  R2",1935
"VOLKSWAGEN","CADDY","VOLKSWAGEN  CADDY",1906
"VOLKSWAGEN","POLO","VOLKSWAGEN  POLO",1872
"MAZDA","CX-5","MAZDA  CX-5",1704
"NISSAN","X-TRAIL","NISSAN  X-TRAIL",1679
"SKODA","SUPERB","SKODA  SUPERB",1582
"FORD","FIESTA","FORD  FIESTA",1576
"VOLKSWAGEN","GOLF VARIANT","VOLKSWAGEN  GOLF VARIANT",1556
"AUDI","A3","AUDI  A3",1523
"NISSAN","JUKE","NISSAN  JUKE",1511
"RENAULT","MEGANE SCENIC","RENAULT  MEGANE SCENIC",1484
"RENAULT","SANDERO","RENAULT  SANDERO",1484
"VOLKSWAGEN","JETTA","VOLKSWAGEN  JETTA",1384
"TOYOTA","COROLLA","TOYOTA  COROLLA",1365
"SUZUKI","VITARA","SUZUKI  VITARA",1323
"OPEL","ASTRA","OPEL  ASTRA",1298
"VOLKSWAGEN","TOURAN","VOLKSWAGEN  TOURAN",1261
"OPEL","INSIGNIA","OPEL  INSIGNIA",1214
"NISSAN","LEAF","NISSAN  LEAF",1171
"BMW","X5","BMW  X5",1151
"FORD","KUGA","FORD  KUGA",1142
"TOYOTA","LAND CRUISER 200","TOYOTA  LAND CRUISER 200",1138
"RENAULT","KANGOO","RENAULT  KANGOO",1082
"MAZDA","6","MAZDA  6",1080
"AUDI","Q7","AUDI  Q7",1071
"MITSUBISHI","OUTLANDER","MITSUBISHI  OUTLANDER",1046
"SUZUKI","NEW SX4","SUZUKI  NEW SX4",1045
"SKODA","RAPID","SKODA  RAPID",1010
"BMW","X3","BMW  X3",998
"MAZDA","3","MAZDA  3",940
"HYUNDAI","ACCENT","HYUNDAI  ACCENT",938
"ЗАЗ","SENS","ЗАЗ  SENS",933
"RAVON","R4","RAVON  R4",915
"OPEL","ASTRA SPORTS TOURER","OPEL  ASTRA SPORTS TOURER",893
"RENAULT","CLIO","RENAULT  CLIO",888
"AUDI","Q5","AUDI  Q5",887
"PEUGEOT","3008","PEUGEOT  3008",877
"HONDA","CR-V","HONDA  CR-V",842
"AUDI","A4","AUDI  A4",819
"PEUGEOT","301","PEUGEOT  301",780
"RENAULT","DOKKER","RENAULT  DOKKER",772
"LEXUS","RX 200T","LEXUS  RX 200T",746
"TOYOTA","LAND CRUISER PRADO 150","TOYOTA  LAND CRUISER PRADO 150",746
"HYUNDAI","SANTA FE","HYUNDAI  SANTA FE",745
"AUDI","A6","AUDI  A6",742
"RENAULT","LAGUNA","RENAULT  LAGUNA",742
"TOYOTA","C-HR","TOYOTA  C-HR",723
"CITROEN","BERLINGO","CITROEN  BERLINGO",705
"HYUNDAI","ELANTRA","HYUNDAI  ELANTRA",698
"VOLKSWAGEN","TOUAREG","VOLKSWAGEN  TOUAREG",689
"SEAT","IBIZA","SEAT  IBIZA",672
"BMW","X1","BMW  X1",647
"LADA","212140","LADA  212140",644
"RENAULT","SCENIC","RENAULT  SCENIC",635
"RENAULT","TRAFIC","RENAULT  TRAFIC",629
"SKODA","KODIAQ","SKODA  KODIAQ",627
"KIA","RIO","KIA  RIO",623
"PEUGEOT","PARTNER","PEUGEOT  PARTNER",618
"KIA","CEE'D","KIA  CEE'D",600
"PEUGEOT","308","PEUGEOT  308",588
"OPEL","INSIGNIA SPORTS TOURER","OPEL  INSIGNIA SPORTS TOURER",585
"TOYOTA","RAV-4 HYBRID","TOYOTA  RAV-4 HYBRID",584
"CITROEN","C3","CITROEN  C3",582
"SUBARU","FORESTER","SUBARU  FORESTER",578
"TOYOTA","COROLLA 1.33L","TOYOTA  COROLLA 1.33L",560
"OPEL","ZAFIRA","OPEL  ZAFIRA",556
"KIA","SORENTO","KIA  SORENTO",543
"FORD","MONDEO","FORD  MONDEO",523
"MITSUBISHI","PAJERO SPORT","MITSUBISHI  PAJERO SPORT",512
"BMW","520D","BMW  520D",503
"FORD","FUSION","FORD  FUSION",502
"VOLVO","XC60","VOLVO  XC60",496
"CITROEN","C-ELYSEE","CITROEN  C-ELYSEE",494
"RENAULT","CAPTUR","RENAULT  CAPTUR",480
"OPEL","VIVARO","OPEL  VIVARO",464
"PEUGEOT","508","PEUGEOT  508",462
"HYUNDAI","SONATA","HYUNDAI  SONATA",449
"PEUGEOT","5008","PEUGEOT  5008",441
"OPEL","CORSA","OPEL  CORSA",435
"MERCEDES-BENZ","GLE 250","MERCEDES-BENZ  GLE 250",418
"FIAT","DOBLO","FIAT  DOBLO",405
"CITROEN","C4 PICASSO","CITROEN  C4 PICASSO",403
"SEAT","ALTEA XL","SEAT  ALTEA XL",401
"PEUGEOT","208","PEUGEOT  208",396
"RENAULT","KADJAR","RENAULT  KADJAR",391
"CITROEN","C4","CITROEN  C4",389
"PEUGEOT","2008","PEUGEOT  2008",377
"VOLKSWAGEN","TRANSPORTER","VOLKSWAGEN  TRANSPORTER",371
"HYUNDAI","CRETA","HYUNDAI  CRETA",370
"DACIA","DUSTER","DACIA  DUSTER",368
"CHEVROLET","NIVA","CHEVROLET  NIVA",366
"SUBARU","OUTBACK","SUBARU  OUTBACK",358
"ЗАЗ","FORZA","ЗАЗ  FORZA",349
"CHERY","TIGGO 2","CHERY  TIGGO 2",346
"VOLVO","XC90","VOLVO  XC90",346
"CHEVROLET","CRUZE","CHEVROLET  CRUZE",345
"HONDA","ACCORD","HONDA  ACCORD",334
"VOLKSWAGEN","CC","VOLKSWAGEN  CC",328
"VOLKSWAGEN","CARAVELLE","VOLKSWAGEN  CARAVELLE",317
"MITSUBISHI","ASX","MITSUBISHI  ASX",311
"DACIA","LOGAN","DACIA  LOGAN",310
"RENAULT","LODGY","RENAULT  LODGY",309
"FIAT","QUBO","FIAT  QUBO",308
"TOYOTA","LAND CRUISER 150","TOYOTA  LAND CRUISER 150",306
"MERCEDES-BENZ","GLE 350D","MERCEDES-BENZ  GLE 350D",299
"SKODA","OCTAVIA A5","SKODA  OCTAVIA A5",299
"HYUNDAI","I30","HYUNDAI  I30",296
"MERCEDES-BENZ","E 200","MERCEDES-BENZ  E 200",296
"DACIA","SANDERO","DACIA  SANDERO",294
"GEELY","EMGRAND 7","GEELY  EMGRAND 7",292
"BMW","X6","BMW  X6",281
"CITROEN","C4 CACTUS","CITROEN  C4 CACTUS",279
"CITROEN","C5","CITROEN  C5",275
"MERCEDES-BENZ","GLE 250D 4 MATIC","MERCEDES-BENZ  GLE 250D 4 MATIC",274
"FIAT","NUOVO DOBLO","FIAT  NUOVO DOBLO",271
"RENAULT","GRAND SCENIC","RENAULT  GRAND SCENIC",264
"MERCEDES-BENZ","VITO 116 CDI","MERCEDES-BENZ  VITO 116 CDI",263
"SEAT","LEON","SEAT  LEON",259
"KIA","NIRO","KIA  NIRO",257
"ЗАЗ","VIDA","ЗАЗ  VIDA",257
"TOYOTA","HIGHLANDER","TOYOTA  HIGHLANDER",256
"TOYOTA","AVENSIS","TOYOTA  AVENSIS",253
"CHEVROLET","VOLT","CHEVROLET  VOLT",252
"TOYOTA","YARIS","TOYOTA  YARIS",247
"CHEVROLET","CAPTIVA","CHEVROLET  CAPTIVA",246
"FORD","TRANSIT","FORD  TRANSIT",245
"LEXUS","LX 450","LEXUS  LX 450",236
"FIAT","TIPO","FIAT  TIPO",235
"FORD","EDGE","FORD  EDGE",232
"SUZUKI","GRAND VITARA","SUZUKI  GRAND VITARA",229
"MERCEDES-BENZ","E 200 CDI","MERCEDES-BENZ  E 200 CDI",227
"MINI","COOPER","MINI  COOPER",218
"SKODA","ROOMSTER","SKODA  ROOMSTER",216
"FIAT","FIORINO","FIAT  FIORINO",214
"FIAT","PANDA","FIAT  PANDA",213
"MERCEDES-BENZ","C 200","MERCEDES-BENZ  C 200",212
"PORSCHE","CAYENNE","PORSCHE  CAYENNE",211
"LAND ROVER","RANGE ROVER EVOQUE","LAND ROVER  RANGE ROVER EVOQUE",208
"LAND ROVER","RANGE ROVER SPORT","LAND ROVER  RANGE ROVER SPORT",203
"CHERY","TIGGO 5","CHERY  TIGGO 5",201
"FORD","ESCAPE","FORD  ESCAPE",201
"LAND ROVER","DISCOVERY SPORT","LAND ROVER  DISCOVERY SPORT",199
"KIA","OPTIMA","KIA  OPTIMA",194
"BMW","318D","BMW  318D",193
"PEUGEOT","207","PEUGEOT  207",193
"RENAULT","KOLEOS","RENAULT  KOLEOS",188
"SKODA","OCTAVIA COMBI","SKODA  OCTAVIA COMBI",184
"SKODA","YETI","SKODA  YETI",184
"FORD","RANGER","FORD  RANGER",181
"SKODA","SPACEBACK","SKODA  SPACEBACK",181
"SUZUKI","VITARA S","SUZUKI  VITARA S",181
"VOLKSWAGEN","MULTIVAN","VOLKSWAGEN  MULTIVAN",181
"AUDI","Q3","AUDI  Q3",180
"HONDA","CIVIC","HONDA  CIVIC",177
"AUDI","A8","AUDI  A8",176
"MERCEDES-BENZ","E 220 CDI","MERCEDES-BENZ  E 220 CDI",175
"NISSAN","ROGUE","NISSAN  ROGUE",172
"MERCEDES-BENZ","GLS 350 D 4 MATIC","MERCEDES-BENZ  GLS 350 D 4 MATIC",169
"SEAT","ALTEA","SEAT  ALTEA",163
"TOYOTA","AURIS","TOYOTA  AURIS",161
"FIAT","PUNTO","FIAT  PUNTO",160
"MERCEDES-BENZ","V 250","MERCEDES-BENZ  V 250",160
"PEUGEOT","PARTNER TEPEE","PEUGEOT  PARTNER TEPEE",159
"AUDI","A1","AUDI  A1",158
"SUBARU","XV 2.0","SUBARU  XV 2.0",158
"VOLKSWAGEN","PASSAT CC","VOLKSWAGEN  PASSAT CC",155
"AUDI","A5","AUDI  A5",154
"MERCEDES-BENZ","E 220 D","MERCEDES-BENZ  E 220 D",154
"MERCEDES-BENZ","VIANO","MERCEDES-BENZ  VIANO",152
"MERCEDES-BENZ","GLC 220D","MERCEDES-BENZ  GLC 220D",151
"RENAULT","FLUENCE","RENAULT  FLUENCE",150
"DACIA","LODGY","DACIA  LODGY",148
"FIAT","500L","FIAT  500L",147
"BMW","X4","BMW  X4",138
"CHERY","TIGGO 3","CHERY  TIGGO 3",137
"CHEVROLET","AVEO","CHEVROLET  AVEO",136
"BMW","320D","BMW  320D",133
"MERCEDES-BENZ","VITO 113 CDI","MERCEDES-BENZ  VITO 113 CDI",131
"MERCEDES-BENZ","E 220","MERCEDES-BENZ  E 220",130
"VOLKSWAGEN","SHARAN","VOLKSWAGEN  SHARAN",130
"BMW","328I","BMW  328I",129
"JAC","S2","JAC  S2",129
"LEXUS","ES 250","LEXUS  ES 250",129
"HYUNDAI","I10","HYUNDAI  I10",128
"OPEL","MERIVA","OPEL  MERIVA",128
"SMART","FORTWO","SMART  FORTWO",128
"MERCEDES-BENZ","GLS 350","MERCEDES-BENZ  GLS 350",127
"NISSAN","NOTE","NISSAN  NOTE",126
"TOYOTA","PRIUS","TOYOTA  PRIUS",126
"MERCEDES-BENZ","CITAN","MERCEDES-BENZ  CITAN",125
"JAGUAR","F-PACE","JAGUAR  F-PACE",121
"CHEVROLET","ORLANDO","CHEVROLET  ORLANDO",119
"BMW","528I","BMW  528I",118
"OPEL","COMBO","OPEL  COMBO",118
"MERCEDES-BENZ","GLE 43 AMG","MERCEDES-BENZ  GLE 43 AMG",116
"HYUNDAI","GRAND SANTA FE","HYUNDAI  GRAND SANTA FE",115
"PEUGEOT","206","PEUGEOT  206",112
"HYUNDAI","I20","HYUNDAI  I20",111
"MERCEDES-BENZ","GLK 220 CDI","MERCEDES-BENZ  GLK 220 CDI",108
"TOYOTA","VENZA","TOYOTA  VENZA",108
"BMW","I3","BMW  I3",107
"GREAT","HAVAL M4","GREAT WALL  HAVAL M4",107
"FORD","MUSTANG","FORD  MUSTANG",106
"MERCEDES-BENZ","GLE 400","MERCEDES-BENZ  GLE 400",106
"VOLKSWAGEN","BEETLE","VOLKSWAGEN  BEETLE",106
"VOLKSWAGEN","PASSAT VARIANT","VOLKSWAGEN  PASSAT VARIANT",106
"INFINITI","Q50","INFINITI  Q50",105
"KIA","SOUL","KIA  SOUL",104
"BMW","320I","BMW  320I",103
"BMW","525D","BMW  525D",103
"INFINITI","QX50","INFINITI  QX50",102
"BMW","528I GT","BMW  528I GT",101
"CHEVROLET","SPARK","CHEVROLET  SPARK",101
"FIAT","500X","FIAT  500X",101
"SUZUKI","JIMNY","SUZUKI  JIMNY",101
"LEXUS","LX 570","LEXUS  LX 570",100
"LEXUS","NX 200T","LEXUS  NX 200T",100
"RAVON","GENTRA","RAVON  GENTRA",100
"VOLVO","V50","VOLVO  V50",100
"RENAULT","MASTER","RENAULT  MASTER",98
"LAND ROVER","RANGE ROVER","LAND ROVER  RANGE ROVER",96
"MERCEDES-BENZ","E 250 CDI","MERCEDES-BENZ  E 250 CDI",95
"MERCEDES-BENZ","ML 250 BLUETEC","MERCEDES-BENZ  ML 250 BLUETEC",95
"BMW","520","BMW  520",94
"SUZUKI","SX-4","SUZUKI  SX-4",94
"FORD","C-MAX","FORD  C-MAX",93
"MERCEDES-BENZ","C 220","MERCEDES-BENZ  C 220",93
"HYUNDAI","IX35","HYUNDAI  IX35",90
"LAND ROVER","DISCOVERY 3.0","LAND ROVER  DISCOVERY 3.0",90
"LEXUS","NX 300H","LEXUS  NX 300H",89
"MERCEDES-BENZ","B 180","MERCEDES-BENZ  B 180",88
"NISSAN","MICRA","NISSAN  MICRA",88
"JEEP","RENEGADE","JEEP  RENEGADE",87
"OPEL","MOKKA","OPEL  MOKKA",87
"MAZDA","CX-7","MAZDA  CX-7",86
"NISSAN","QASHQAI +2","NISSAN  QASHQAI +2",85
"BMW","530I","BMW  530I",84
"LEXUS","CT 200H","LEXUS  CT 200H",84
"LADA","LARGUS","LADA  LARGUS",82
"MERCEDES-BENZ","VITO","MERCEDES-BENZ  VITO",82
"PORSCHE","MACAN","PORSCHE  MACAN",82
"TOYOTA","AYGO","TOYOTA  AYGO",82
"CITROEN","C3 PICASSO","CITROEN  C3 PICASSO",81
"MERCEDES-BENZ","B180 CDI","MERCEDES-BENZ  B180 CDI",81
"VOLKSWAGEN","SHARAN 2.0","VOLKSWAGEN  SHARAN 2.0",81
"CHERY","TIGGO","CHERY  TIGGO",79
"DAEWOO","GENTRA","DAEWOO  GENTRA",79
"JAGUAR","XF","JAGUAR  XF",79
"BMW","540I","BMW  540I",78
"CITROEN","C1","CITROEN  C1",78
"HYUNDAI","H-1","HYUNDAI  H-1",78
"JEEP","CHEROKEE","JEEP  CHEROKEE",78
"LEXUS","NX 200","LEXUS  NX 200",78
"MERCEDES-BENZ","C 180","MERCEDES-BENZ  C 180",78
"VOLVO","V40CC","VOLVO  V40CC",78
"JEEP","GRAND CHEROKEE","JEEP  GRAND CHEROKEE",77
"MERCEDES-BENZ","C 300","MERCEDES-BENZ  C 300",77
"GREAT","VOLEEX C30","GREAT WALL  VOLEEX C30",75
"NISSAN","SENTRA","NISSAN  SENTRA",75
"MERCEDES-BENZ","SPRINTER 316 CDI","MERCEDES-BENZ  SPRINTER 316 CDI",73
"PORSCHE","MACAN R4","PORSCHE  MACAN R4",73
"JEEP","COMPASS","JEEP  COMPASS",72
"MERCEDES-BENZ","C 250","MERCEDES-BENZ  C 250",72
"OPEL","ZAFIRA TOURER","OPEL  ZAFIRA TOURER",72
"PORSCHE","PANAMERA","PORSCHE  PANAMERA",72
"PEUGEOT","BIPPER","PEUGEOT  BIPPER",71
"FORD","CONNECT","FORD  CONNECT",70
"FORD","S-MAX","FORD  S-MAX",70
"INFINITI","QX70","INFINITI  QX70",69
"VOLKSWAGEN","GOLF PLUS","VOLKSWAGEN  GOLF PLUS",69
"MERCEDES-BENZ","VITO 113","MERCEDES-BENZ  VITO 113",68
"BMW","118 I","BMW  118 I",67
"MAZDA","CX-3","MAZDA  CX-3",67
"CITROEN","SPACE TOURER","CITROEN  SPACE TOURER",66
"HONDA","PILOT","HONDA  PILOT",66
"MERCEDES-BENZ","GLE 400 4 MATIC","MERCEDES-BENZ  GLE 400 4 MATIC",66
"SMART","FORTWO COUPE","SMART  FORTWO COUPE",66
"VOLKSWAGEN","ARTEON","VOLKSWAGEN  ARTEON",66
"OPEL","ANTARA","OPEL  ANTARA",65
"NISSAN","PIXO","NISSAN  PIXO",64
"FIAT","CINQUECENTO","FIAT  CINQUECENTO",63
"MERCEDES-BENZ","E 250","MERCEDES-BENZ  E 250",63
"HYUNDAI","SOLARIS","HYUNDAI  SOLARIS",61
"LAND ROVER","RANGE ROVER VELAR","LAND ROVER  RANGE ROVER VELAR",61
"MERCEDES-BENZ","B 200","MERCEDES-BENZ  B 200",61
"NISSAN","NV 200","NISSAN  NV 200",61
"PEUGEOT","EXPERT TRAVELLER","PEUGEOT  EXPERT TRAVELLER",61
"AUDI","Q2","AUDI  Q2",60
"BMW","320","BMW  320",60
"TOYOTA","VERSO","TOYOTA  VERSO",60
"MERCEDES-BENZ","GLC 250 D","MERCEDES-BENZ  GLC 250 D",59
"RENAULT","MODUS","RENAULT  MODUS",59
"CITROEN","NEMO","CITROEN  NEMO",58
"INFINITI","QX60","INFINITI  QX60",58
"KIA","STONIC","KIA  STONIC",58
"LAND ROVER","FREELANDER","LAND ROVER  FREELANDER",58
"FORD","GRAND C-MAX","FORD  GRAND C-MAX",57
"RENAULT","TWINGO","RENAULT  TWINGO",57
"SEAT","ATECA","SEAT  ATECA",57
"ACURA","MDX","ACURA  MDX",56
"BMW","420I","BMW  420I",56
"HYUNDAI","I40","HYUNDAI  I40",56
"FIAT","500","FIAT  500",55
"INFINITI","Q30","INFINITI  Q30",55
"VOLVO","V60","VOLVO  V60",55
"INFINITI","QX30","INFINITI  QX30",54
"JAC","S3","JAC  S3",54
"MASERATI","LEVANTE","MASERATI  LEVANTE",54
"AUDI","SQ7","AUDI  SQ7",53
"HONDA","INSIGHT","HONDA  INSIGHT",53
"MERCEDES-BENZ","ML 250 CDI","MERCEDES-BENZ  ML 250 CDI",53
"MERCEDES-BENZ","V-KLASSE","MERCEDES-BENZ  V-KLASSE",53
"SUBARU","LEGACY","SUBARU  LEGACY",53
"BMW","528","BMW  528",52
"MERCEDES-BENZ","CLA 250","MERCEDES-BENZ  CLA 250",52
"CITROEN","DS4","CITROEN  DS4",51
"FORD","GALAXY","FORD  GALAXY",51
"CITROEN","GRAND C4 PICASSO","CITROEN  GRAND C4 PICASSO",50
"GREAT","WINGLE","GREAT WALL  WINGLE",50
"PEUGEOT","EXPERT","PEUGEOT  EXPERT",50
"JEEP","PATRIOT","JEEP  PATRIOT",49
"LEXUS","ES 300H","LEXUS  ES 300H",49
"MERCEDES-BENZ","C 220 D","MERCEDES-BENZ  C 220 D",48
"VOLKSWAGEN","GOLF GTI","VOLKSWAGEN  GOLF GTI",48
"BMW","328","BMW  328",47
"FIAT","FREEMONT","FIAT  FREEMONT",47
"MERCEDES-BENZ","SPRINTER","MERCEDES-BENZ  SPRINTER",47
"VOLKSWAGEN","CRAFTER","VOLKSWAGEN  CRAFTER",47
"VOLVO","V90CC","VOLVO  V90CC",47
"DAEWOO","MATIZ","DAEWOO  MATIZ",46
"MINI","COOPER CLUBMAN","MINI  COOPER CLUBMAN",46
"NISSAN","ALTIMA","NISSAN  ALTIMA",46
"BMW","118D","BMW  118D",45
"DACIA","DOKKER","DACIA  DOKKER",45
"INFINITI","Q70","INFINITI  Q70",45
"CHEVROLET","MALIBU","CHEVROLET  MALIBU",44
"OPEL","ASTRA STATION WAGON","OPEL  ASTRA STATION WAGON",44
"RENAULT","LAGUNA 1.5","RENAULT  LAGUNA 1.5",44
"RENAULT","ESPACE","RENAULT  ESPACE",43
"LAND ROVER","RANGE ROVER AUTOBIOGRAPHY","LAND ROVER  RANGE ROVER AUTOBIOGRAPHY",42
"VOLKSWAGEN","UP","VOLKSWAGEN  UP",42
"LEXUS","IS 200T","LEXUS  IS 200T",41
"MERCEDES-BENZ","GLA 200","MERCEDES-BENZ  GLA 200",41
"MERCEDES-BENZ","S 350","MERCEDES-BENZ  S 350",41
"MINI","COOPER COUNTRYMAN","MINI  COOPER COUNTRYMAN",41
"SSANG","REXTON","SSANG YONG  REXTON",41
"AUDI","A4 ALLROAD","AUDI  A4 ALLROAD",40
"BMW","320D XDRIVE","BMW  320D XDRIVE",40
"NISSAN","MURANO","NISSAN  MURANO",40
"PORSCHE","MACAN GTS","PORSCHE  MACAN GTS",40
"SEAT","ALHAMBRA 2.0","SEAT  ALHAMBRA 2.0",40
"BMW","535I","BMW  535I",39
"PEUGEOT","107","PEUGEOT  107",39
"SUZUKI","ALTO","SUZUKI  ALTO",39
"BMW","316D","BMW  316D",38
"BMW","428I","BMW  428I",38
"VOLVO","V70","VOLVO  V70",38
"CITROEN","JUMPY","CITROEN  JUMPY",37
"GREAT","C30","GREAT WALL  C30",37
"HYUNDAI","IONIQ","HYUNDAI  IONIQ",37
"INFINITI","G25","INFINITI  G25",37
"LEXUS","IS 250","LEXUS  IS 250",37
"MERCEDES-BENZ","GLS 400 4 MATIC","MERCEDES-BENZ  GLS 400 4 MATIC",37
"FORD","TRANSIT CUSTOM","FORD  TRANSIT CUSTOM",36
"KIA","PICANTO","KIA  PICANTO",36
"MERCEDES-BENZ","GLS 400","MERCEDES-BENZ  GLS 400",36
"MINI","COOPER SD COUNTRYMAN","MINI  COOPER SD COUNTRYMAN",36
"LAND ROVER","RANGE ROVER VOQUE","LAND ROVER  RANGE ROVER VOQUE",35
"MERCEDES-BENZ","GLA 250","MERCEDES-BENZ  GLA 250",35
"MERCEDES-BENZ","GLC 220 D 4 MATIC","MERCEDES-BENZ  GLC 220 D 4 MATIC",35
"ВАЗ","212140","ВАЗ  212140",35
"MERCEDES-BENZ","GLC 250 D 4 MATIC","MERCEDES-BENZ  GLC 250 D 4 MATIC",34
"MERCEDES-BENZ","S 560","MERCEDES-BENZ  S 560",34
"SUZUKI","SWIFT","SUZUKI  SWIFT",34
"BMW","328XI","BMW  328XI",33
"MAZDA","5","MAZDA  5",33
"MERCEDES-BENZ","ML250 BLUETEC","MERCEDES-BENZ  ML250 BLUETEC",33
"MITSUBISHI","LANCER","MITSUBISHI  LANCER",33
"ACURA","RDX","ACURA  RDX",32
"BMW","116D","BMW  116D",32
"BMW","318I","BMW  318I",32
"FORD","TRANSIT CONNECT","FORD  TRANSIT CONNECT",32
"PEUGEOT","4007","PEUGEOT  4007",32
"SKODA","OCTAVIA A5 COMBI","SKODA  OCTAVIA A5 COMBI",32
"AUDI","A7","AUDI  A7",31
"CITROEN","DS5","CITROEN  DS5",31
"DACIA","LOGAN MCV","DACIA  LOGAN MCV",31
"MERCEDES-BENZ","GLC 220 CDI 4 MATIC","MERCEDES-BENZ  GLC 220 CDI 4 MATIC",31
"NISSAN","PRIMASTAR","NISSAN  PRIMASTAR",31
"VOLVO","V60CC","VOLVO  V60CC",31
"BMW","116 I","BMW  116 I",30
"CHEVROLET","TRACKER","CHEVROLET  TRACKER",30
"CITROEN","C-CROSSER","CITROEN  C-CROSSER",30
"FIAT","SCUDO","FIAT  SCUDO",30
"FORD","FOCUS C-MAX","FORD  FOCUS C-MAX",30
"MERCEDES-BENZ","SPRINTER 313 CDI","MERCEDES-BENZ  SPRINTER 313 CDI",30
"MITSUBISHI","COLT","MITSUBISHI  COLT",30
"NISSAN","ROUGE","NISSAN  ROUGE",30
"SEAT","EXEO ST","SEAT  EXEO ST",30
"BMW","X5 M","BMW  X5 M",29
"FORD","TOURNEO","FORD  TOURNEO",29
"GREAT","M4","GREAT WALL  M4",29
"MAZDA","CX-9","MAZDA  CX-9",29
"MERCEDES-BENZ","GLC 250","MERCEDES-BENZ  GLC 250",29
"MERCEDES-BENZ","S 400","MERCEDES-BENZ  S 400",29
"MINI","COOPER S COUNTRYMAN","MINI  COOPER S COUNTRYMAN",29
"TOYOTA","AVALON","TOYOTA  AVALON",29
"BMW","525","BMW  525",28
"BMW","535","BMW  535",28
"HONDA","HR-V","HONDA  HR-V",28
"MERCEDES-BENZ","A 180 CDI","MERCEDES-BENZ  A 180 CDI",28
"MERCEDES-BENZ","GLE 350D 4 MATIC","MERCEDES-BENZ  GLE 350D 4 MATIC",28
"MERCEDES-BENZ","GLK 250","MERCEDES-BENZ  GLK 250",28
"OPEL","MOVANO","OPEL  MOVANO",28
"PEUGEOT","807","PEUGEOT  807",28
"SSANG","TIVOLI","SSANG YONG  TIVOLI",28
"BENTLEY","BENTAYGA","BENTLEY  BENTAYGA",27
"MINI","ONE","MINI  ONE",27
"VOLVO","XC70","VOLVO  XC70",27
"MERCEDES-BENZ","A 160","MERCEDES-BENZ  A 160",26
"MERCEDES-BENZ","GLA 200 CDI","MERCEDES-BENZ  GLA 200 CDI",26
"PEUGEOT","308 SW","PEUGEOT  308 SW",26
"VOLKSWAGEN","FOX","VOLKSWAGEN  FOX",26
"VOLVO","S60","VOLVO  S60",26
"ЗАЗ","TF698K","ЗАЗ  TF698K",26
"BMW","520I","BMW  520I",25
"DODGE","JOURNEY","DODGE  JOURNEY",25
"GREAT","VOLEEX","GREAT WALL  VOLEEX",25
"MERCEDES-BENZ","E 200 D","MERCEDES-BENZ  E 200 D",25
"TOYOTA","LAND CRUISER PRADO","TOYOTA  LAND CRUISER PRADO",25
"VOLKSWAGEN","AMAROK","VOLKSWAGEN  AMAROK",25
"BMW","528XI","BMW  528XI",24
"FIAT","500 CINQUECENTO","FIAT  500 CINQUECENTO",24
"MERCEDES-BENZ","A 180","MERCEDES-BENZ  A 180",24
"MERCEDES-BENZ","GLC 300","MERCEDES-BENZ  GLC 300",24
"MERCEDES-BENZ","GLE 320","MERCEDES-BENZ  GLE 320",24
"MERCEDES-BENZ","S 350 D","MERCEDES-BENZ  S 350 D",24
"SEAT","EXEO","SEAT  EXEO",24
"LAND ROVER","RANGE ROVER VOGUE","LAND ROVER  RANGE ROVER VOGUE",23
"MERCEDES-BENZ","GLA 180","MERCEDES-BENZ  GLA 180",23
"MINI","COOPER S","MINI  COOPER S",23
"NISSAN","VERSA","NISSAN  VERSA",23
"SMART","FORFOUR","SMART  FORFOUR",23
"HONDA","FIT","HONDA  FIT",22
"HONDA","JAZZ","HONDA  JAZZ",22
"LEXUS","RX 350","LEXUS  RX 350",22
"MERCEDES-BENZ","GLK 220 CDI 4 MATIC","MERCEDES-BENZ  GLK 220 CDI 4 MATIC",22
"SSANG","KORANDO","SSANG YONG  KORANDO",22
"FORD","TOURNEO CUSTOM","FORD  TOURNEO CUSTOM",21
"INFINITI","QX80","INFINITI  QX80",21
"MERCEDES-BENZ","E 400","MERCEDES-BENZ  E 400",21
"MERCEDES-BENZ","G 350 D","MERCEDES-BENZ  G 350 D",21
"MERCEDES-BENZ","GLA 220 CDI","MERCEDES-BENZ  GLA 220 CDI",21
"TESLA","MODEL S","TESLA  MODEL S",21
"TOYOTA","C-HR HYBRID","TOYOTA  C-HR HYBRID",21
"VOLVO","S60CC","VOLVO  S60CC",21
"AUDI","S3","AUDI  S3",20
"FIAT","500E","FIAT  500E",20
"MERCEDES-BENZ","CLS 250 CDI","MERCEDES-BENZ  CLS 250 CDI",20
"MERCEDES-BENZ","S 350 CDI 4MATIC","MERCEDES-BENZ  S 350 CDI 4MATIC",20
"SEAT","TOLEDO","SEAT  TOLEDO",20
"SUZUKI","ALTO 1.0","SUZUKI  ALTO 1.0",20
"VOLVO","V40","VOLVO  V40",20
"BMW","320D GT","BMW  320D GT",19
"CHERY","TIGGO 7","CHERY  TIGGO 7",19
"FORD","TOURNEO CONNECT","FORD  TOURNEO CONNECT",19
"MAZDA","2","MAZDA  2",19
"VOLVO","S90","VOLVO  S90",19
"VOLVO","V60 CC","VOLVO  V60 CC",19
"ACURA","TLX","ACURA  TLX",18
"BMW","525D XDRIVE","BMW  525D XDRIVE",18
"FIAT","DOBLO PANORAMA","FIAT  DOBLO PANORAMA",18
"FORD","EXPLORER","FORD  EXPLORER",18
"MERCEDES-BENZ","B-CLASS","MERCEDES-BENZ  B-CLASS",18
"MERCEDES-BENZ","C 200 K","MERCEDES-BENZ  C 200 K",18
"MERCEDES-BENZ","GLK 200 CDI","MERCEDES-BENZ  GLK 200 CDI",18
"MERCEDES-BENZ","SPRINTER 213 CDI","MERCEDES-BENZ  SPRINTER 213 CDI",18
"OPEL","AMPERA","OPEL  AMPERA",18
"RENAULT","THALIA","RENAULT  THALIA",18
"SUBARU","LEGACY OUTBACK","SUBARU  LEGACY OUTBACK",18
"AUDI","A6 ALLROAD","AUDI  A6 ALLROAD",17
"JAGUAR","XE","JAGUAR  XE",17
"KIA","CARENS","KIA  CARENS",17
"MERCEDES-BENZ","GL 450","MERCEDES-BENZ  GL 450",17
"PEUGEOT","407","PEUGEOT  407",17
"ACURA","ILX","ACURA  ILX",16
"BMW","518","BMW  518",16
"GREAT","HAVAL H3","GREAT WALL  HAVAL H3",16
"HONDA","CROSSTOUR","HONDA  CROSSTOUR",16
"LEXUS","GS 200T","LEXUS  GS 200T",16
"MERCEDES-BENZ","E 300","MERCEDES-BENZ  E 300",16
"MERCEDES-BENZ","S 250 CDI","MERCEDES-BENZ  S 250 CDI",16
"MERCEDES-BENZ","S 350 CDI","MERCEDES-BENZ  S 350 CDI",16
"MERCEDES-BENZ","VITO 114","MERCEDES-BENZ  VITO 114",16
"MITSUBISHI","SPACE STAR","MITSUBISHI  SPACE STAR",16
"SKODA","CITIGO","SKODA  CITIGO",16
"TOYOTA","SIENNA","TOYOTA  SIENNA",16
"VOLVO","S80","VOLVO  S80",16
"AUDI","TT","AUDI  TT",15
"BMW","640 I","BMW  640 I",15
"FORD","KA","FORD  KA",15
"JEEP","WRANGLER","JEEP  WRANGLER",15
"MERCEDES-BENZ","G 63 AMG","MERCEDES-BENZ  G 63 AMG",15
"MERCEDES-BENZ","GLA 220","MERCEDES-BENZ  GLA 220",15
"MERCEDES-BENZ","GLS 500","MERCEDES-BENZ  GLS 500",15
"MERCEDES-BENZ","ML 250 CDI 4 MATIC","MERCEDES-BENZ  ML 250 CDI 4 MATIC",15
"MERCEDES-BENZ","V 220 D","MERCEDES-BENZ  V 220 D",15
"RENAULT","LATITUDE","RENAULT  LATITUDE",15
"AUDI","A6 AVANT 2.0","AUDI  A6 AVANT 2.0",14
"BMW","120D","BMW  120D",14
"BMW","530D","BMW  530D",14
"BMW","730LD","BMW  730LD",14
"CITROEN","C4 AIRCROSS","CITROEN  C4 AIRCROSS",14
"FIAT","DUCATO","FIAT  DUCATO",14
"FORD","F 150","FORD  F 150",14
"KIA","VENGA","KIA  VENGA",14
"LEXUS","RC 200T","LEXUS  RC 200T",14
"MERCEDES-BENZ","CLA 200","MERCEDES-BENZ  CLA 200",14
"MERCEDES-BENZ","S 350 4MATIC","MERCEDES-BENZ  S 350 4MATIC",14
"MERCEDES-BENZ","SPRINTER 216 CDI","MERCEDES-BENZ  SPRINTER 216 CDI",14
"MERCEDES-BENZ","SPRINTER 316","MERCEDES-BENZ  SPRINTER 316",14
"MERCEDES-BENZ","VITO 110 CDI","MERCEDES-BENZ  VITO 110 CDI",14
"OPEL","AGILA","OPEL  AGILA",14
"TOYOTA","SCION","TOYOTA  SCION",14
"BMW","750LI","BMW  750LI",13
"GMC","TERRAIN","GMC  TERRAIN",13
"LADA","GRANTA 21901-011-51","LADA  GRANTA 21901-011-51",13
"MERCEDES-BENZ","AMG C 43","MERCEDES-BENZ  AMG C 43",13
"MERCEDES-BENZ","AMG E43","MERCEDES-BENZ  AMG E43",13
"MERCEDES-BENZ","E 250 D","MERCEDES-BENZ  E 250 D",13
"MERCEDES-BENZ","E 400 4 MATIC","MERCEDES-BENZ  E 400 4 MATIC",13
"MERCEDES-BENZ","GLS500 4MATIC","MERCEDES-BENZ  GLS500 4MATIC",13
"MERCEDES-BENZ","S 500 4 MATIC","MERCEDES-BENZ  S 500 4 MATIC",13
"NISSAN","E-NV 200","NISSAN  E-NV 200",13
"OPEL","ZAFIRA 1.6","OPEL  ZAFIRA 1.6",13
"SEAT","ALHAMBRA","SEAT  ALHAMBRA",13
"SKODA","FABIA COMBI 1.2","SKODA  FABIA COMBI 1.2",13
"SKODA","OCTAVIA SCOUT","SKODA  OCTAVIA SCOUT",13
"SUZUKI","KIZASHI","SUZUKI  KIZASHI",13
"TOYOTA","RAV4 EV","TOYOTA  RAV4 EV",13
"УАЗ","315195","УАЗ  315195",13
"AUDI","A4 AVANT 2.0","AUDI  A4 AVANT 2.0",12
"AUDI","S5","AUDI  S5",12
"BMW","535XI","BMW  535XI",12
"BMW","740 LI","BMW  740 LI",12
"BUICK","ENCORE","BUICK  ENCORE",12
"CHEVROLET","CAMARO","CHEVROLET  CAMARO",12
"CITROEN","DS3","CITROEN  DS3",12
"HYUNDAI","VELOSTER","HYUNDAI  VELOSTER",12
"KIA","SORENTO JC 5248","KIA  SORENTO JC 5248",12
"MERCEDES-BENZ","CLA 180","MERCEDES-BENZ  CLA 180",12
"MERCEDES-BENZ","CLA 220 CDI","MERCEDES-BENZ  CLA 220 CDI",12
"MERCEDES-BENZ","S 400 CDI","MERCEDES-BENZ  S 400 CDI",12
"MITSUBISHI","PAJERO WAGON","MITSUBISHI  PAJERO WAGON",12
"SEAT","MII","SEAT  MII",12
"TOYOTA","HILUX","TOYOTA  HILUX",12
"BMW","218D","BMW  218D",11
"BMW","435I","BMW  435I",11
"BMW","730D","BMW  730D",11
"BMW","740","BMW  740",11
"BMW","Z4","BMW  Z4",11
"CADILLAC","ATS","CADILLAC  ATS",11
"CHRYSLER","200 LM","CHRYSLER  200 LM",11
"HYUNDAI","TUCSON IX 35","HYUNDAI  TUCSON IX 35",11
"INFINITI","Q60","INFINITI  Q60",11
"LADA","GRANTA","LADA  GRANTA",11
"MERCEDES-BENZ","GLA 220 CDI 4 MATIC","MERCEDES-BENZ  GLA 220 CDI 4 MATIC",11
"MERCEDES-BENZ","GLC 250 4 MATIC","MERCEDES-BENZ  GLC 250 4 MATIC",11
"PEUGEOT","108","PEUGEOT  108",11
"PEUGEOT","BOXER","PEUGEOT  BOXER",11
"ROMEO","MITO","ALFA ROMEO  MITO",11
"VOLKSWAGEN","EOS","VOLKSWAGEN  EOS",11
"VOLKSWAGEN","TOUAREG 7L","VOLKSWAGEN  TOUAREG 7L",11
"ГАЗ","A32R33-60","ГАЗ  A32R33-60",11
"ACURA","TSX","ACURA  TSX",10
"AUDI","A6 QUATTRO","AUDI  A6 QUATTRO",10
"AUDI","S4","AUDI  S4",10
"BMW","316","BMW  316",10
"CHEVROLET","SONIC","CHEVROLET  SONIC",10
"DODGE","DART","DODGE  DART",10
"JAGUAR","XJ","JAGUAR  XJ",10
"LADA","219410","LADA  219410",10
"LADA","GRANTA 21901-010-51","LADA  GRANTA 21901-010-51",10
"LANCIA","DELTA","LANCIA  DELTA",10
"LINCOLN","MKC","LINCOLN  MKC",10
"MERCEDES-BENZ","G 500","MERCEDES-BENZ  G 500",10
"MERCEDES-BENZ","GLK 250 CDI 4 MATIC","MERCEDES-BENZ  GLK 250 CDI 4 MATIC",10
"MERCEDES-BENZ","S 500","MERCEDES-BENZ  S 500",10
"MERCEDES-BENZ","V 220 CDI","MERCEDES-BENZ  V 220 CDI",10
"MITSUBISHI","PAJERO","MITSUBISHI  PAJERO",10
"OPEL","INSIGNIA STATION WAGON","OPEL  INSIGNIA STATION WAGON",10
"ROMEO","159","ALFA ROMEO  159",10
"SCION","IM","SCION  IM",10
"SMART","FORTWO ELECTRIC","SMART  FORTWO ELECTRIC",10
"SUBARU","TREZIA","SUBARU  TREZIA",10
"TOYOTA","URBAN CRUISER","TOYOTA  URBAN CRUISER",10
"VOLVO","C30","VOLVO  C30",10
"BMW","740I","BMW  740I",9
"BMW","740 LD XDRIVE G12","BMW  740 LD XDRIVE G12",9
"CHEVROLET","EQUINOX","CHEVROLET  EQUINOX",9
"CITROEN","C8","CITROEN  C8",9
"HYUNDAI","GENESIS COUPE","HYUNDAI  GENESIS COUPE",9
"LEXUS","GX 460","LEXUS  GX 460",9
"MERCEDES-BENZ","ELECTRIC DRIVE","MERCEDES-BENZ  ELECTRIC DRIVE",9
"MERCEDES-BENZ","GLE 43 AMG 4 MATIC","MERCEDES-BENZ  GLE 43 AMG 4 MATIC",9
"MERCEDES-BENZ","S 400 4MATIC","MERCEDES-BENZ  S 400 4MATIC",9
"MERCEDES-BENZ","S 500L 4MATIC","MERCEDES-BENZ  S 500L 4MATIC",9
"MERCEDES-BENZ","SPRINTER 319 CDI","MERCEDES-BENZ  SPRINTER 319 CDI",9
"MERCEDES-BENZ","VITO 119","MERCEDES-BENZ  VITO 119",9
"MINI","COOPER D COUNTRYMAN","MINI  COOPER D COUNTRYMAN",9
"MINI","COOPER SF56","MINI  COOPER SF56",9
"NISSAN","PATHFINDER","NISSAN  PATHFINDER",9
"TOYOTA","LAND CRUISER","TOYOTA  LAND CRUISER",9
"VOLKSWAGEN","E-GOLF","VOLKSWAGEN  E-GOLF",9
"VOLKSWAGEN","MULTIVAN-T5","VOLKSWAGEN  MULTIVAN-T5",9
"BMW","420D","BMW  420D",8
"BMW","535I XDRIVE","BMW  535I XDRIVE",8
"CITROEN","JUMPER","CITROEN  JUMPER",8
"DODGE","CALIBER","DODGE  CALIBER",8
"KIA","FORTE","KIA  FORTE",8
"LEXUS","RX 450H","LEXUS  RX 450H",8
"MERCEDES-BENZ","316 CDI","MERCEDES-BENZ  316 CDI",8
"MERCEDES-BENZ","C 220 CDI","MERCEDES-BENZ  C 220 CDI",8
"MERCEDES-BENZ","C 250D","MERCEDES-BENZ  C 250D",8
"MERCEDES-BENZ","GL 350 CDI","MERCEDES-BENZ  GL 350 CDI",8
"MERCEDES-BENZ","GLC 43","MERCEDES-BENZ  GLC 43",8
"MERCEDES-BENZ","GLS 63 AMG 4 MATIK","MERCEDES-BENZ  GLS 63 AMG 4 MATIK",8
"MERCEDES-BENZ","S 63 AMG","MERCEDES-BENZ  S 63 AMG",8
"MINI","COOPER COUNTRYMAN  ALL4","MINI  COOPER COUNTRYMAN  ALL4",8
"MITSUBISHI","MIRAGE","MITSUBISHI  MIRAGE",8
"OPEL","INSIGNIA GRAND SPORT","OPEL  INSIGNIA GRAND SPORT",8
"RENAULT","TALISMAN","RENAULT  TALISMAN",8
"TOYOTA","VERSO S","TOYOTA  VERSO S",8
"VOLKSWAGEN","CC SPORT","VOLKSWAGEN  CC SPORT",8
"VOLKSWAGEN","SCIROCCO","VOLKSWAGEN  SCIROCCO",8
"УАЗ","3163-305","УАЗ  3163-305",8
"ALPINA","B7","BMW ALPINA  B7",7
"AUDI","Q3 2.0 TDI","AUDI  Q3 2.0 TDI",7
"BMW","535I GT","BMW  535I GT",7
"BMW","730I","BMW  730I",7
"CHEVROLET","TRAX","CHEVROLET  TRAX",7
"FORD","B-MAX","FORD  B-MAX",7
"HYUNDAI","IX20","HYUNDAI  IX20",7
"LAND ROVER","RANGE ROVER EVOQUE PURE","LAND ROVER  RANGE ROVER EVOQUE PURE",7
"LEXUS","IS 200","LEXUS  IS 200",7
"LINCOLN","MKZ","LINCOLN  MKZ",7
"MERCEDES-BENZ","B 220","MERCEDES-BENZ  B 220",7
"MERCEDES-BENZ","CLS400","MERCEDES-BENZ  CLS400",7
"MERCEDES-BENZ","E 220C","MERCEDES-BENZ  E 220C",7
"MITSUBISHI","PAJERO SPORT 2.5 TD","MITSUBISHI  PAJERO SPORT 2.5 TD",7
"PORSCHE","CAYMAN","PORSCHE  CAYMAN",7
"RENAULT","TWINGO 1.2","RENAULT  TWINGO 1.2",7
"SUBARU","IMPREZA","SUBARU  IMPREZA",7
"TESLA","MODEL X","TESLA  MODEL X",7
"TOYOTA","SEQUOIA","TOYOTA  SEQUOIA",7
"TOYOTA","СAMRY","TOYOTA  СAMRY",7
"VOLKSWAGEN","GOLF SPORTSVAN","VOLKSWAGEN  GOLF SPORTSVAN",7
"VOLKSWAGEN","MULTIVAN 7H","VOLKSWAGEN  MULTIVAN 7H",7
"УАЗ","3163","УАЗ  3163",7
"УАЗ","3163-205","УАЗ  3163-205",7
"AUDI","SQ5","AUDI  SQ5",6
"BMW","750LD","BMW  750LD",6
"BMW","760LI","BMW  760LI",6
"BMW","M2","BMW  M2",6
"BMW","M4","BMW  M4",6
"CHERY","ARRIZO 7","CHERY  ARRIZO 7",6
"FIAT","BRAVO","FIAT  BRAVO",6
"FIAT","PUNTO D","FIAT  PUNTO D",6
"FORD","ECOSPORT","FORD  ECOSPORT",6
"LEXUS","ES 300","LEXUS  ES 300",6
"LEXUS","NX 300","LEXUS  NX 300",6
"MASERATI","GHIBLI","MASERATI  GHIBLI",6
"MASERATI","QUATTROPORTE","MASERATI  QUATTROPORTE",6
"MERCEDES-BENZ","E 250 4MATIC","MERCEDES-BENZ  E 250 4MATIC",6
"MERCEDES-BENZ","GLE 300D","MERCEDES-BENZ  GLE 300D",6
"MERCEDES-BENZ","GLK 250 4 MATIC","MERCEDES-BENZ  GLK 250 4 MATIC",6
"MERCEDES-BENZ","METRIS","MERCEDES-BENZ  METRIS",6
"MERCEDES-BENZ","ML 350","MERCEDES-BENZ  ML 350",6
"MERCEDES-BENZ","S 500L","MERCEDES-BENZ  S 500L",6
"OPEL","ASTRA GTC","OPEL  ASTRA GTC",6
"PORSCHE","911 CARRERA","PORSCHE  911 CARRERA",6
"PORSCHE","BOXSTER","PORSCHE  BOXSTER",6
"ROMEO","GIULIA","ALFA ROMEO  GIULIA",6
"ROMEO","GIULIETTA","ALFA ROMEO  GIULIETTA",6
"LAND ROVER","DISCOVERY","LAND ROVER  DISCOVERY",6
"SUBARU","BRZ","SUBARU  BRZ",6
"SUBARU","XV 1.6","SUBARU  XV 1.6",6
"SUZUKI","SPLASH","SUZUKI  SPLASH",6
"TOYOTA","PRIUS V","TOYOTA  PRIUS V",6
"VOLVO","V90","VOLVO  V90",6
"УАЗ","23632","УАЗ  23632",6
"AUDI","RS6","AUDI  RS6",5
"BMW","325","BMW  325",5
"BMW","335I","BMW  335I",5
"BMW","I8","BMW  I8",5
"CADILLAC","CTS","CADILLAC  CTS",5
"FIAT","BRAVA","FIAT  BRAVA",5
"GEELY","GC6","GEELY  GC6",5
"GREAT","HAVAL H6","GREAT WALL  HAVAL H6",5
"HYUNDAI","AVANTE","HYUNDAI  AVANTE",5
"HYUNDAI","GENESIS","HYUNDAI  GENESIS",5
"JEEP","PATRIOT 4Х4","JEEP  PATRIOT 4Х4",5
"LADA","219010","LADA  219010",5
"LADA","GRANTA 21901-011-50","LADA  GRANTA 21901-011-50",5
"LEXUS","LS 500H","LEXUS  LS 500H",5
"MERCEDES-BENZ","220 CDI","MERCEDES-BENZ  220 CDI",5
"MERCEDES-BENZ","AMG GLE 63","MERCEDES-BENZ  AMG GLE 63",5
"MERCEDES-BENZ","B 160","MERCEDES-BENZ  B 160",5
"MERCEDES-BENZ","GLA 180 CDI","MERCEDES-BENZ  GLA 180 CDI",5
"MERCEDES-BENZ","GLS 450","MERCEDES-BENZ  GLS 450",5
"MERCEDES-BENZ","S 300","MERCEDES-BENZ  S 300",5
"MERCEDES-BENZ","S 600","MERCEDES-BENZ  S 600",5
"NISSAN","CUBE","NISSAN  CUBE",5
"NISSAN","NV 400","NISSAN  NV 400",5
"PORSCHE","911 TURBO S","PORSCHE  911 TURBO S",5
"VOLVO","S40","VOLVO  S40",5
"VOLVO","S60 CC","VOLVO  S60 CC",5
"ВАЗ","21214","ВАЗ  21214",5
"СКС","MOU-04MП","СКС  MOU-04MП",5
"УАЗ","31638-205","УАЗ  31638-205",5
"ABARTH","500","ABARTH  500",4
"AUDI","A7 3.0","AUDI  A7 3.0",4
"AUDI","S8","AUDI  S8",4
"BMW","320I XDRIVE","BMW  320I XDRIVE",4
"BMW","335XI","BMW  335XI",4
"BMW","418D","BMW  418D",4
"BMW","428XI","BMW  428XI",4
"BMW","740D XDRIVE","BMW  740D XDRIVE",4
"BMW","750D","BMW  750D",4
"BMW","M3","BMW  M3",4
"BMW","M760LI","BMW  M760LI",4
"CADILLAC","ESCALADE","CADILLAC  ESCALADE",4
"CADILLAC","SRX","CADILLAC  SRX",4
"CHRYSLER","200 C","CHRYSLER  200 C",4
"DODGE","AVENGER","DODGE  AVENGER",4
"FIAT","SEDICI","FIAT  SEDICI",4
"GEELY","CK","GEELY  CK",4
"HONDA","ACCORD COUPE","HONDA  ACCORD COUPE",4
"HONDA","CR-Z","HONDA  CR-Z",4
"HYUNDAI","TUSCANI","HYUNDAI  TUSCANI",4
"JAC","J5","JAC  J5",4
"JAGUAR","E-PACE","JAGUAR  E-PACE",4
"LADA","21947","LADA  21947",4
"LADA","RS0Y5L-XE7-52","LADA  RS0Y5L-XE7-52",4
"LEXUS","HS 250H","LEXUS  HS 250H",4
"LEXUS","LC 500","LEXUS  LC 500",4
"MERCEDES-BENZ","180C","MERCEDES-BENZ  180C",4
"MERCEDES-BENZ","MAYBACH S560","MERCEDES-BENZ  MAYBACH S560",4
"MERCEDES-BENZ","S 350L","MERCEDES-BENZ  S 350L",4
"MERCEDES-BENZ","SPRINTER 210 CDI","MERCEDES-BENZ  SPRINTER 210 CDI",4
"MINI","COOPER R56","MINI  COOPER R56",4
"MITSUBISHI","I-MIEV","MITSUBISHI  I-MIEV",4
"MITSUBISHI","LANCER X","MITSUBISHI  LANCER X",4
"NISSAN","NAVARA","NISSAN  NAVARA",4
"LAND ROVER","DEFENDER","LAND ROVER  DEFENDER",4
"SAAB","9-5","SAAB  9-5",4
"SKODA","PRAKTIK","SKODA  PRAKTIK",4
"SUBARU","CROSSTREK","SUBARU  CROSSTREK",4
"SUZUKI","CELERIO","SUZUKI  CELERIO",4
"VOLKSWAGEN","KOMBI","VOLKSWAGEN  KOMBI",4
"ЗАЗ","LANOS","ЗАЗ  LANOS",4
"УАЗ","31638-305","УАЗ  31638-305",4
"УАЗ","390995-440","УАЗ  390995-440",4
"AUDI","ALLROAD","AUDI  ALLROAD",3
"AUDI","R8","AUDI  R8",3
"AUDI","RS3","AUDI  RS3",3
"BENTLEY","CONTINENTAL GT","BENTLEY  CONTINENTAL GT",3
"BMW","228I","BMW  228I",3
"BMW","228I XDRIVE","BMW  228I XDRIVE",3
"BMW","320D XDRIVER","BMW  320D XDRIVER",3
"BMW","325D","BMW  325D",3
"BMW","430I","BMW  430I",3
"BMW","740 D","BMW  740 D",3
"BMW","M240I","BMW  M240I",3
"BUICK","REGAL","BUICK  REGAL",3
"CADILLAC","ELR","CADILLAC  ELR",3
"CHEVROLET","CAMARO RS","CHEVROLET  CAMARO RS",3
"CHRYSLER","200 LX","CHRYSLER  200 LX",3
"CITROEN","C3 AIR CROSS","CITROEN  C3 AIR CROSS",3
"DODGE","RAM-1500","DODGE  RAM-1500",3
"FIAT","LINEA","FIAT  LINEA",3
"HONDA","ELEMENT","HONDA  ELEMENT",3
"HYUNDAI","GRANDEUR","HYUNDAI  GRANDEUR",3
"JAGUAR","XE JT2","JAGUAR  XE JT2",3
"KIA","CERATO","KIA  CERATO",3
"LADA","RS0Y5L-AE4-42","LADA   RS0Y5L-AE4-42",3
"LANCIA","YPSILON","LANCIA  YPSILON",3
"LEXUS","GS 250","LEXUS  GS 250",3
"LEXUS","GS 300","LEXUS  GS 300",3
"LEXUS","IS 220D","LEXUS  IS 220D",3
"LEXUS","IS 300","LEXUS  IS 300",3
"MASERATI","GHIBLI S Q4","MASERATI  GHIBLI S Q4",3
"MERCEDES-BENZ","313 CDI","MERCEDES-BENZ  313 CDI",3
"MERCEDES-BENZ","316","MERCEDES-BENZ  316",3
"MERCEDES-BENZ","A 200 CDI","MERCEDES-BENZ  A 200 CDI",3
"MERCEDES-BENZ","B 200 NG","MERCEDES-BENZ  B 200 NG",3
"MERCEDES-BENZ","C 200T","MERCEDES-BENZ  C 200T",3
"MERCEDES-BENZ","C400","MERCEDES-BENZ  C400",3
"MERCEDES-BENZ","C 63","MERCEDES-BENZ  C 63",3
"MERCEDES-BENZ","CLA 220","MERCEDES-BENZ  CLA 220",3
"MERCEDES-BENZ","CLS 350","MERCEDES-BENZ  CLS 350",3
"MERCEDES-BENZ","E 350 CDI","MERCEDES-BENZ  E 350 CDI",3
"MERCEDES-BENZ","G 350","MERCEDES-BENZ  G 350",3
"MERCEDES-BENZ","GLA 45 AMG","MERCEDES-BENZ  GLA 45 AMG",3
"MERCEDES-BENZ","GLC 300 4MATIC","MERCEDES-BENZ  GLC 300 4MATIC",3
"MERCEDES-BENZ","GLC 43 4 MATIC","MERCEDES-BENZ  GLC 43 4 MATIC",3
"MERCEDES-BENZ","GLE 450","MERCEDES-BENZ  GLE 450",3
"MERCEDES-BENZ","S 300 H","MERCEDES-BENZ  S 300 H",3
"MERCEDES-BENZ","S 550","MERCEDES-BENZ  S 550",3
"MERCEDES-BENZ","S600L","MERCEDES-BENZ  S600L",3
"MERCEDES-BENZ","SLK 250","MERCEDES-BENZ  SLK 250",3
"MERCEDES-BENZ","VITO 111 CDI","MERCEDES-BENZ  VITO 111 CDI",3
"MINI","COOPER R55","MINI  COOPER R55",3
"MINI","JOHN COOPER WORKS","MINI  JOHN COOPER WORKS",3
"MITSUBISHI","L 200","MITSUBISHI  L 200",3
"NISSAN","PULSAR","NISSAN  PULSAR",3
"OPEL","ASTRA CARAVAN","OPEL  ASTRA CARAVAN",3
"OPEL","CORSA COMBO","OPEL  CORSA COMBO",3
"PEUGEOT","308 CC","PEUGEOT  308 CC",3
"PEUGEOT","4008","PEUGEOT  4008",3
"PEUGEOT","RCZ","PEUGEOT  RCZ",3
"PORSCHE","911 GT3","PORSCHE  911 GT3",3
"RENAULT","LAGUNA BREAK 2.0","RENAULT  LAGUNA BREAK 2.0",3
"RENAULT","ZOE","RENAULT  ZOE",3
"ROMEO","STELVIO","ALFA ROMEO  STELVIO",3
"SCION","FR-S","SCION  FR-S",3
"SCION","TC","SCION  TC",3
"SKODA","OCTAVIA TOUR","SKODA  OCTAVIA TOUR",3
"TESLA","S 85","TESLA  S 85",3
"TOYOTA","AVALON HYBRID LIMITED","TOYOTA  AVALON HYBRID LIMITED",3
"TOYOTA","IQ","TOYOTA  IQ",3
"VOLKSWAGEN","NEW BEETLE","VOLKSWAGEN  NEW BEETLE",3
"УАЗ","3163-375","УАЗ  3163-375",3
"ALPINA","B4","BMW ALPINA  B4",2
"AUDI","A6 AVANT 1.9 TDI","AUDI  A6 AVANT 1.9 TDI",2
"AUDI","S6","AUDI  S6",2
"AUDI","TTS","AUDI  TTS",2
"BENTLEY","CONTINENTAL","BENTLEY  CONTINENTAL",2
"BENTLEY","FLYING SPUR","BENTLEY  FLYING SPUR",2
"BMW","120I","BMW  120I",2
"BMW","125D","BMW  125D",2
"BMW","220D GRAN TOURER/F46","BMW  220D GRAN TOURER/F46",2
"BMW","220I","BMW  220I",2
"BMW","320D XDRIVE GT","BMW  320D XDRIVE GT",2
"BMW","440I XDRIVE COUPE/F32","BMW  440I XDRIVE COUPE/F32",2
"BMW","518I","BMW  518I",2
"BMW","523I","BMW  523I",2
"BMW","525 TD","BMW  525 TD",2
"BMW","535D","BMW  535D",2
"BMW","725 TDS","BMW  725 TDS",2
"BMW","730LI","BMW  730LI",2
"BMW","740D","BMW  740D",2
"CHERY","ARRIZO 3","CHERY  ARRIZO 3",2
"CHEVROLET","CORVETTE","CHEVROLET  CORVETTE",2
"CHEVROLET","EQUINOX 3.4","CHEVROLET  EQUINOX 3.4",2
"DAEWOO","NEXIA","DAEWOO  NEXIA",2
"DAIHATSU","SIRION","DAIHATSU  SIRION",2
"DODGE","CALIBER SXT","DODGE  CALIBER SXT",2
"FIAT","GRANDE PUNTO","FIAT  GRANDE PUNTO",2
"FORD","C-MAX TREND","FORD  C-MAX TREND",2
"FORD","COURIER","FORD  COURIER",2
"FORD","GALAXY 1.9 TDI","FORD  GALAXY 1.9 TDI",2
"FORD","TRANSIT 125 T350","FORD  TRANSIT 125 T350",2
"FORD","TRANSIT 300 M","FORD  TRANSIT 300 M",2
"HONDA","CITY","HONDA  CITY",2
"HYUNDAI","H1D","HYUNDAI  H1D",2
"JAGUAR","F-TYPE","JAGUAR  F-TYPE",2
"JAGUAR","XF 3.0","JAGUAR  XF 3.0",2
"JEEP","CHEROKEE LMT","JEEP  CHEROKEE LMT",2
"KIA","CARNIVAL","KIA  CARNIVAL",2
"KRASZ","SRHDM0","KRASZ  SRHDM0",2
"LADA","219070","LADA  219070",2
"LINCOLN","MKT","LINCOLN  MKT",2
"MAZDA","6 MPS","MAZDA  6 MPS",2
"MERCEDES-BENZ","116","MERCEDES-BENZ  116",2
"MERCEDES-BENZ","212","MERCEDES-BENZ  212",2
"MERCEDES-BENZ","245 G","MERCEDES-BENZ  245 G",2
"MERCEDES-BENZ","400E","MERCEDES-BENZ  400E",2
"MERCEDES-BENZ","A 200","MERCEDES-BENZ  A 200",2
"MERCEDES-BENZ","AMG GT S","MERCEDES-BENZ  AMG GT S",2
"MERCEDES-BENZ","B 250","MERCEDES-BENZ  B 250",2
"MERCEDES-BENZ","CLA 45AMG 4M","MERCEDES-BENZ  CLA 45AMG 4M",2
"MERCEDES-BENZ","CLC 180 K","MERCEDES-BENZ  CLC 180 K",2
"MERCEDES-BENZ","CLS 220D","MERCEDES-BENZ  CLS 220D",2
"MERCEDES-BENZ","E 200T","MERCEDES-BENZ  E 200T",2
"MERCEDES-BENZ","E 350","MERCEDES-BENZ  E 350",2
"MERCEDES-BENZ","G 350 TD","MERCEDES-BENZ  G 350 TD",2
"MERCEDES-BENZ","GL 350","MERCEDES-BENZ  GL 350",2
"MERCEDES-BENZ","GLC 350","MERCEDES-BENZ  GLC 350",2
"MERCEDES-BENZ","MAYBACH S400 4 MATIC","MERCEDES-BENZ  MAYBACH S400 4 MATIC",2
"MERCEDES-BENZ","S 350L 4MATIC","MERCEDES-BENZ  S 350L 4MATIC",2
"MERCEDES-BENZ","S 500 4MATIC","MERCEDES-BENZ  S 500 4MATIC",2
"MERCEDES-BENZ","S 500C","MERCEDES-BENZ  S 500C",2
"MERCEDES-BENZ","SMART","MERCEDES-BENZ  SMART",2
"MERCEDES-BENZ","SPRINTER 316 NGT","MERCEDES-BENZ  SPRINTER 316 NGT",2
"MERCEDES-BENZ","VITO 110 D","MERCEDES-BENZ  VITO 110 D",2
"MERCEDES-BENZ","VITO 120 CDI","MERCEDES-BENZ  VITO 120 CDI",2
"MITSUBISHI","COLT 1.3","MITSUBISHI  COLT 1.3",2
"MITSUBISHI","GALANT","MITSUBISHI  GALANT",2
"NISSAN","TIIDA","NISSAN  TIIDA",2
"OPEL","ASTRA G VAN","OPEL  ASTRA G VAN",2
"PORSCHE","911 CARRERA 4","PORSCHE  911 CARRERA 4",2
"PORSCHE","BOXSTER S","PORSCHE  BOXSTER S",2
"RENAULT","CLIO SOCIETE","RENAULT  CLIO SOCIETE",2
"ROLLS-ROYCE","WRAITH","ROLLS-ROYCE  WRAITH",2
"LAND ROVER","LR4 HSE","LAND ROVER  LR4 HSE",2
"SCION","IA","SCION  IA",2
"SEAT","ARONA","SEAT  ARONA",2
"SMART","COUPE","SMART  COUPE",2
"SMART","MC 01","SMART  MC 01",2
"SUBARU","IMPREZA 2.0 GL","SUBARU  IMPREZA 2.0 GL",2
"SUBARU","WRX","SUBARU  WRX",2
"TOYOTA","COROLLA VERSO","TOYOTA  COROLLA VERSO",2
"TOYOTA","YARIS VERSO","TOYOTA  YARIS VERSO",2
"VOLKSWAGEN","GOL","VOLKSWAGEN  GOL",2
"VOLVO","C70","VOLVO  C70",2
"YOGOMO","YJ7572F","YOGOMO  YJ7572F",2
"ZOTYE","Z100","ZOTYE  Z100",2
"АС","AC-G-2705-СПР 8","АС  AC-G-2705-СПР 8",2
"АС","AC-U 39095 ВП6","АС  AC-U 39095 ВП6",2
"АС","U-39095-ВП6","АС  U-39095-ВП6",2
"ВАЗ","219010","ВАЗ  219010",2
"ТК","TK-V 212140 МД","ТК  TK-V 212140 МД",2
"УАЗ","315148","УАЗ  315148",2
"УАЗ","3163-275","УАЗ  3163-275",2
"ALPINA","B3 3,0","BMW ALPINA  B3 3,0",1
"ASTON","DB11","ASTON MARTIN  DB11",1
"ASTON","RAPIDE S","ASTON MARTIN  RAPIDE S",1
"AUDI","A2","AUDI  A2",1
"AUDI","A4 AVANT 1.8","AUDI  A4 AVANT 1.8",1
"AUDI","A6 2.8 5V QUATTRO","AUDI  A6 2.8 5V QUATTRO",1
"AUDI","A6 ALLROAD QUATTRO","AUDI  A6 ALLROAD QUATTRO",1
"AUDI","A7 3.0 TDI","AUDI  A7 3.0 TDI",1
"AUDI","CABRIO","AUDI  CABRIO",1
"AUDI","RS5","AUDI  RS5",1
"AUDI","RS7","AUDI  RS7",1
"AUDI","RS Q3","AUDI  RS Q3",1
"AUDI","S7","AUDI  S7",1
"BENTLEY","CONTINENTAL SUPERSPORTS","BENTLEY  CONTINENTAL SUPERSPORTS",1
"BMW","114I","BMW  114I",1
"BMW","128I","BMW  128I",1
"BMW","216D","BMW  216D",1
"BMW","218I","BMW  218I",1
"BMW","220","BMW  220",1
"BMW","220D","BMW  220D",1
"BMW","316I","BMW  316I",1
"BMW","318 TDS","BMW  318 TDS",1
"BMW","318 TDS TOURING","BMW  318 TDS TOURING",1
"BMW","320CI","BMW  320CI",1
"BMW","325TD","BMW  325TD",1
"BMW","325XI","BMW  325XI",1
"BMW","328 IA","BMW  328 IA",1
"BMW","335 IX","BMW  335 IX",1
"BMW","340","BMW  340",1
"BMW","425D","BMW  425D",1
"BMW","530XI","BMW  530XI",1
"BMW","540","BMW  540",1
"BMW","560L","BMW  560L",1
"BMW","640D","BMW  640D",1
"BMW","650I","BMW  650I",1
"BMW","725 LD","BMW  725 LD",1
"BMW","730","BMW  730",1
"BMW","740LE XDRIVE IPERFORMANCE","BMW  740LE XDRIVE IPERFORMANCE",1
"BMW","750 LI","BMW  750 LI",1
"BMW","I3S","BMW  I3S",1
"BMW","M235I","BMW  M235I",1
"BMW","M5","BMW  M5",1
"BMW","M6","BMW  M6",1
"BMW","X2","BMW  X2",1
"CADILLAC","XTS","CADILLAC  XTS",1
"CHEVROLET","CAPRICE","CHEVROLET  CAPRICE",1
"CHEVROLET","EXPRESS","CHEVROLET  EXPRESS",1
"CHEVROLET","HHR","CHEVROLET  HHR",1
"CHEVROLET","IMPALA","CHEVROLET  IMPALA",1
"CHEVROLET","LACETTI","CHEVROLET  LACETTI",1
"CHEVROLET","SPARK EV","CHEVROLET  SPARK EV",1
"CHRYSLER","200S","CHRYSLER  200S",1
"CITROEN","CX","CITROEN  CX",1
"CITROEN","SAXO","CITROEN  SAXO",1
"DAIHATSU","CHARADE","DAIHATSU  CHARADE",1
"DAIHATSU","TERIOS","DAIHATSU  TERIOS",1
"DODGE","CHALLENGER","DODGE  CHALLENGER",1
"FAW","CAR CA7158E5","FAW  CAR CA7158E5",1
"FERRARI","458 SPIDER","FERRARI  458 SPIDER",1
"FERRARI","488 SPIDER","FERRARI  488 SPIDER",1
"FIAT","FULLBACK","FIAT  FULLBACK",1
"FIAT","PUNTO 75","FIAT  PUNTO 75",1
"FIAT","PUNTO TDS","FIAT  PUNTO TDS",1
"FORD","CUSTOM","FORD  CUSTOM",1
"FORD","EXPLORER 4.0","FORD  EXPLORER 4.0",1
"FORD","FIESTA COURIER","FORD  FIESTA COURIER",1
"FORD","FIGO","FORD  FIGO",1
"FORD","SCORPIO WAGON 2.0 I","FORD  SCORPIO WAGON 2.0 I",1
"FORD","TRANSIT 100","FORD  TRANSIT 100",1
"FORD","TRANSIT 330L","FORD  TRANSIT 330L",1
"FORD","TRANSIT T280","FORD  TRANSIT T280",1
"GEELY","CE-2","GEELY  CE-2",1
"GEELY","EMGRAND EC7","GEELY  EMGRAND EC7",1
"HONDA","CIVIC CRX","HONDA  CIVIC CRX",1
"HONDA","FIT LX","HONDA  FIT LX",1
"HYUNDAI","COUPE","HYUNDAI  COUPE",1
"HYUNDAI","ELECTRA","HYUNDAI  ELECTRA",1
"HYUNDAI","EQUUS","HYUNDAI  EQUUS",1
"HYUNDAI","GRAND STAREX","HYUNDAI  GRAND STAREX",1
"JAC","J2","JAC  J2",1
"JAC","J4","JAC  J4",1
"JAC","J6","JAC  J6",1
"JEEP","PATRIOT SPORT","JEEP  PATRIOT SPORT",1
"KIA","OPIRUS","KIA  OPIRUS",1
"KIA","SEDONA","KIA  SEDONA",1
"KRASZ","JL36P9","KRASZ  JL36P9",1
"LADA","21214","LADA  21214",1
"LADA","219060","LADA  219060",1
"LADA","21941","LADA  21941",1
"LADA","219470","LADA  219470",1
"LADA","GFL120","LADA  GFL120",1
"LADA","GRANTA 21901-040-41","LADA  GRANTA 21901-040-41",1
"LADA","GRANTA 219070-23P-51","LADA  GRANTA 219070-23P-51",1
"LADA","VESTA","LADA  VESTA",1
"LANCIA","MUSA","LANCIA  MUSA",1
"LEXUS","ES 350","LEXUS  ES 350",1
"LINCOLN","CONTINENTAL","LINCOLN  CONTINENTAL",1
"LINCOLN","MKS","LINCOLN  MKS",1
"LINCOLN","MKX","LINCOLN  MKX",1
"MAPLE","SHARENGO","MAPLE  SHARENGO",1
"MASERATI","GRANTURISMO","MASERATI  GRANTURISMO",1
"MAZDA","323","MAZDA  323",1
"MAZDA","BT50","MAZDA  BT50",1
"MAZDA","MX-5","MAZDA  MX-5",1
"MAZDA","RX-8","MAZDA  RX-8",1
"MCLAREN","MP4-12C","MCLAREN  MP4-12C",1
"MERCEDES-BENZ","113","MERCEDES-BENZ  113",1
"MERCEDES-BENZ","200","MERCEDES-BENZ  200",1
"MERCEDES-BENZ","200 E","MERCEDES-BENZ  200 E",1
"MERCEDES-BENZ","213CDI","MERCEDES-BENZ  213CDI",1
"MERCEDES-BENZ","216 CDI","MERCEDES-BENZ  216 CDI",1
"MERCEDES-BENZ","220","MERCEDES-BENZ  220",1
"MERCEDES-BENZ","250","MERCEDES-BENZ  250",1
"MERCEDES-BENZ","250 D","MERCEDES-BENZ  250 D",1
"MERCEDES-BENZ","300C E","MERCEDES-BENZ  300C E",1
"MERCEDES-BENZ","639-4","MERCEDES-BENZ  639-4",1
"MERCEDES-BENZ","A 140","MERCEDES-BENZ  A 140",1
"MERCEDES-BENZ","A 220","MERCEDES-BENZ  A 220",1
"MERCEDES-BENZ","A45","MERCEDES-BENZ  A45",1
"MERCEDES-BENZ","AMG GLS 63 4MATIC","MERCEDES-BENZ  AMG GLS 63 4MATIC",1
"MERCEDES-BENZ","B 170","MERCEDES-BENZ  B 170",1
"MERCEDES-BENZ","C 200 D","MERCEDES-BENZ  C 200 D",1
"MERCEDES-BENZ","CLS 250","MERCEDES-BENZ  CLS 250",1
"MERCEDES-BENZ","CLS 400 4 MATIC","MERCEDES-BENZ  CLS 400 4 MATIC",1
"MERCEDES-BENZ","CLS 63 AMG","MERCEDES-BENZ  CLS 63 AMG",1
"MERCEDES-BENZ","E 200 CABRIOLET","MERCEDES-BENZ  E 200 CABRIOLET",1
"MERCEDES-BENZ","E 200 K","MERCEDES-BENZ  E 200 K",1
"MERCEDES-BENZ","E 220T","MERCEDES-BENZ  E 220T",1
"MERCEDES-BENZ","E 250 CGI","MERCEDES-BENZ  E 250 CGI",1
"MERCEDES-BENZ","E 430","MERCEDES-BENZ  E 430",1
"MERCEDES-BENZ","E 500 4 MATIC","MERCEDES-BENZ  E 500 4 MATIC",1
"MERCEDES-BENZ","E 63 AMG","MERCEDES-BENZ  E 63 AMG",1
"MERCEDES-BENZ","GLA 250 4 MATIC","MERCEDES-BENZ  GLA 250 4 MATIC",1
"MERCEDES-BENZ","GLC 220 D 4MATIC","MERCEDES-BENZ  GLC 220 D 4MATIC",1
"MERCEDES-BENZ","GLC 350 D 4MATIC","MERCEDES-BENZ  GLC 350 D 4MATIC",1
"MERCEDES-BENZ","GLE 320 4 MATIC","MERCEDES-BENZ  GLE 320 4 MATIC",1
"MERCEDES-BENZ","GLE 350","MERCEDES-BENZ  GLE 350",1
"MERCEDES-BENZ","GLE 450 4MATIC","MERCEDES-BENZ  GLE 450 4MATIC",1
"MERCEDES-BENZ","GLE 450 AMG 4 MATIC","MERCEDES-BENZ  GLE 450 AMG 4 MATIC",1
"MERCEDES-BENZ","GLE 500 4 MATIC","MERCEDES-BENZ  GLE 500 4 MATIC",1
"MERCEDES-BENZ","GLE 500E","MERCEDES-BENZ  GLE 500E",1
"MERCEDES-BENZ","GLS 450 4 MATIC","MERCEDES-BENZ  GLS 450 4 MATIC",1
"MERCEDES-BENZ","MAYBACH S500","MERCEDES-BENZ  MAYBACH S500",1
"MERCEDES-BENZ","MAYBACH S500 4 MATIC","MERCEDES-BENZ  MAYBACH S500 4 MATIC",1
"MERCEDES-BENZ","MAYBACH S600","MERCEDES-BENZ  MAYBACH S600",1
"MERCEDES-BENZ","MAYBACH S650","MERCEDES-BENZ  MAYBACH S650",1
"MERCEDES-BENZ","ML 400","MERCEDES-BENZ  ML 400",1
"MERCEDES-BENZ","ML 400 CDI","MERCEDES-BENZ  ML 400 CDI",1
"MERCEDES-BENZ","ML 500","MERCEDES-BENZ  ML 500",1
"MERCEDES-BENZ","R 320 CDI","MERCEDES-BENZ  R 320 CDI",1
"MERCEDES-BENZ","R350","MERCEDES-BENZ  R350",1
"MERCEDES-BENZ","S 55","MERCEDES-BENZ  S 55",1
"MERCEDES-BENZ","S 63 AMG 4 MATIC","MERCEDES-BENZ  S 63 AMG 4 MATIC",1
"MERCEDES-BENZ","S63 COUPE","MERCEDES-BENZ  S63 COUPE",1
"MERCEDES-BENZ","SL 400","MERCEDES-BENZ  SL 400",1
"MERCEDES-BENZ","SLC 200","MERCEDES-BENZ  SLC 200",1
"MERCEDES-BENZ","SLC 300","MERCEDES-BENZ  SLC 300",1
"MERCEDES-BENZ","SLC 43 AMG","MERCEDES-BENZ  SLC 43 AMG",1
"MERCEDES-BENZ","SPRINT 313","MERCEDES-BENZ  SPRINT 313",1
"MERCEDES-BENZ","SPRINTER 310 CDI","MERCEDES-BENZ  SPRINTER 310 CDI",1
"MERCEDES-BENZ","SPRINTER 513 CDI","MERCEDES-BENZ  SPRINTER 513 CDI",1
"MERCEDES-BENZ","SPRINTER 516 CDI","MERCEDES-BENZ  SPRINTER 516 CDI",1
"MERCEDES-BENZ","SPRINTER 906BB35","MERCEDES-BENZ  SPRINTER 906BB35",1
"MERCEDES-BENZ","VITO 108","MERCEDES-BENZ  VITO 108",1
"MERCEDES-BENZ","VITO 109 CDI","MERCEDES-BENZ  VITO 109 CDI",1
"MERCEDES-BENZ","VITO 112CDI","MERCEDES-BENZ  VITO 112CDI",1
"MINI","COOPER S PACEMAN","MINI  COOPER S PACEMAN",1
"MITSUBISHI","LANCER EVOLUTION X","MITSUBISHI  LANCER EVOLUTION X",1
"MITSUBISHI","RVR","MITSUBISHI  RVR",1
"MITSUBISHI","SPEACE STAR","MITSUBISHI  SPEACE STAR",1
"MPM","PS 160","MPM  PS 160",1
"NISSAN","ALMERA","NISSAN  ALMERA",1
"NISSAN","GT-R","NISSAN  GT-R",1
"NISSAN","MARCH","NISSAN  MARCH",1
"NISSAN","PATHFINDER DCI","NISSAN  PATHFINDER DCI",1
"NISSAN","SENTRA 160","NISSAN  SENTRA 160",1
"OPEL","COMBO VAN","OPEL  COMBO VAN",1
"PORSCHE","911","PORSCHE  911",1
"PORSCHE","911 CARRERA S","PORSCHE  911 CARRERA S",1
"PORSCHE","911 GT2","PORSCHE  911 GT2",1
"PORSCHE","997","PORSCHE  997",1
"RAVON","MATIZ","RAVON  MATIZ",1
"RENAULT","CLIO SIMBOL","RENAULT  CLIO SIMBOL",1
"RENAULT","GRAND MODUS","RENAULT  GRAND MODUS",1
"RENAULT","NY CLIO","RENAULT  NY CLIO",1
"RENAULT","SYMBOL","RENAULT  SYMBOL",1
"RENAULT","WIND","RENAULT  WIND",1
"ROMEO","4C","ALFA ROMEO  4C",1
"SCION","IQ","SCION  IQ",1
"SCION","XB","SCION  XB",1
"SKODA","OCTAVIA ЗНГ","SKODA  OCTAVIA ЗНГ",1
"SMART","CABRIO","SMART  CABRIO",1
"SMART","CITY","SMART  CITY",1
"SMART","MC","SMART  MC",1
"SSANG","ACTYON SPORTS","SSANG YONG  ACTYON SPORTS",1
"SSANG","KYRON","SSANG YONG  KYRON",1
"SUBARU","IMPREZA WRX-STI","SUBARU  IMPREZA WRX-STI",1
"SUBARU","WRX STI","SUBARU  WRX STI",1
"SUZUKI","IGNIS","SUZUKI  IGNIS",1
"SUZUKI","JIMNY HT","SUZUKI  JIMNY HT",1
"TAZZARI","ZERO","TAZZARI  ZERO",1
"TESLA","MODEL X P90D","TESLA  MODEL X P90D",1
"TESLA","X P100D","TESLA  X P100D",1
"TOYOTA","CARINA","TOYOTA  CARINA",1
"TOYOTA","COROLLA ST.WAG.1.3 I","TOYOTA  COROLLA ST.WAG.1.3 I",1
"TOYOTA","LAND CRUISER 150VX","TOYOTA  LAND CRUISER 150VX",1
"TOYOTA","LAND CRUISER 4.5","TOYOTA  LAND CRUISER 4.5",1
"TOYOTA","LAND CRUISER PRADO 120","TOYOTA  LAND CRUISER PRADO 120",1
"TOYOTA","MATRIX","TOYOTA  MATRIX",1
"TOYOTA","TACOMA","TOYOTA  TACOMA",1
"TOYOTA","TUNDRA","TOYOTA  TUNDRA",1
"TOYOTA","YARIS HYBRID","TOYOTA  YARIS HYBRID",1
"VOLKSWAGEN","APOLLO","VOLKSWAGEN  APOLLO",1
"VOLKSWAGEN","CALIFORNIA","VOLKSWAGEN  CALIFORNIA",1
"VOLKSWAGEN","CRAFTER 35","VOLKSWAGEN  CRAFTER 35",1
"VOLKSWAGEN","GLI","VOLKSWAGEN  GLI",1
"VOLKSWAGEN","GOLF 4 2.0","VOLKSWAGEN  GOLF 4 2.0",1
"VOLKSWAGEN","SHARAN 1.9 TDI","VOLKSWAGEN  SHARAN 1.9 TDI",1
"VOLKSWAGEN","VW BEETLE","VOLKSWAGEN  VW BEETLE",1
"ZONGSHEN","J7","ZONGSHEN  J7",1
"АЗЛК","2140","АЗЛК  2140",1
"ВАЗ","21053","ВАЗ  21053",1
"ВАЗ","21070","ВАЗ  21070",1
"ВАЗ","210934-20","ВАЗ  210934-20",1
"ВАЗ","211440","ВАЗ  211440",1
"ВАЗ","21154","ВАЗ  21154",1
"ВАЗ","217030","ВАЗ  217030",1
"ВС","CITROEN SPACE TOURER","ВС  CITROEN SPACE TOURER",1
"ГАЗ","М-21","ГАЗ  М-21",1
"ЗАЗ","110307","ЗАЗ  110307",1
"ТК","TK-G 2705 ВП6","ТК  TK-G 2705 ВП6",1
"ТК","TK-U 2206 CG8","ТК  TK-U 2206 CG8",1
"УАЗ","22069","УАЗ  22069",1
"УАЗ","31512","УАЗ  31512",1
"УАЗ","315148-095","УАЗ  315148-095",1
"УАЗ","3163-340","УАЗ  3163-340",1
