"producer","model","size"
"RENAULT","MEGANE",8057
"VOLKSWAGEN","PASSAT",6313
"SKODA","OCTAVIA",4181
"KIA","SPORTAGE",4103
"RENAULT","DUSTER",3173
"RENAULT","LOGAN",3096
"TOYOTA","RAV4",3084
"SKODA","FABIA",2974
"TOYOTA","CAMRY",2765
"VOLKSWAGEN","GOLF",2731
"FORD","FOCUS",2390
"VOLKSWAGEN","TIGUAN",2245
"NISSAN","QASHQAI",2187
"SKODA","OCTAVIA A7",2170
"HYUNDAI","TUCSON",2154
"RAVON","R2",1935
"VOLKSWAGEN","CADDY",1914
"VOLKSWAGEN","POLO",1884
"MAZDA","CX-5",1706
"NISSAN","X-TRAIL",1679
"SKODA","SUPERB",1594
"FORD","FIESTA",1577
"VOLKSWAGEN","GOLF VARIANT",1556
"AUDI","A3",1524
"NISSAN","JUKE",1511
"RENAULT","MEGANE SCENIC",1485
"RENAULT","SANDERO",1485
"SKODA","RAPID",1415
"VOLKSWAGEN","JETTA",1384
"TOYOTA","COROLLA",1367
"SUZUKI","VITARA",1340
"OPEL","ASTRA",1307
"VOLKSWAGEN","TOURAN",1265
"OPEL","INSIGNIA",1231
"NISSAN","LEAF",1171
"BMW","X5",1152
"FORD","KUGA",1147
"TOYOTA","LAND CRUISER 200",1139
"RENAULT","KANGOO",1089
"MAZDA","6",1083
"MITSUBISHI","OUTLANDER",1074
"AUDI","Q7",1072
"SUZUKI","NEW SX4",1045
"ЗАЗ","SENS",1012
"BMW","X3",998
"MAZDA","3",941
"HYUNDAI","ACCENT",938
"RAVON","R4",916
"OPEL","ASTRA SPORTS TOURER",893
"RENAULT","CLIO",892
"AUDI","Q5",887
"PEUGEOT","3008",877
"HONDA","CR-V",842
"AUDI","A4",822
"PEUGEOT","301",780
"RENAULT","DOKKER",778
"TOYOTA","LAND CRUISER PRADO 150",748
"HYUNDAI","SANTA FE",747
"LEXUS","RX 200T",746
"RENAULT","LAGUNA",746
"AUDI","A6",744
"TOYOTA","C-HR",723
"CITROEN","BERLINGO",705
"HYUNDAI","ELANTRA",698
"VOLKSWAGEN","TOUAREG",689
"SEAT","IBIZA",675
"BMW","X1",647
"RENAULT","SCENIC",647
"LADA","212140",646
"RENAULT","TRAFIC",634
"SKODA","KODIAQ",627
"KIA","RIO",623
"PEUGEOT","PARTNER",618
"KIA","CEE'D",601
"PEUGEOT","308",588
"OPEL","INSIGNIA SPORTS TOURER",585
"TOYOTA","RAV-4 HYBRID",584
"CITROEN","C3",582
"SUBARU","FORESTER",578
"TOYOTA","COROLLA 1.33L",560
"OPEL","ZAFIRA",556
"KIA","SORENTO",543
"СКС","MOU-04MП",530
"FORD","MONDEO",525
"MITSUBISHI","PAJERO SPORT",512
"BMW","520D",506
"FORD","FUSION",502
"VOLVO","XC60",497
"CITROEN","C-ELYSEE",494
"RENAULT","CAPTUR",486
"OPEL","VIVARO",467
"PEUGEOT","508",464
"HYUNDAI","SONATA",449
"PEUGEOT","5008",441
"OPEL","CORSA",435
"MERCEDES-BENZ","GLE 250",418
"FIAT","DOBLO",405
"SEAT","ALTEA XL",405
"CITROEN","C4 PICASSO",403
"PEUGEOT","208",397
"RENAULT","KADJAR",397
"CITROEN","C4",391
"PEUGEOT","2008",377
"VOLKSWAGEN","TRANSPORTER",377
"HYUNDAI","CRETA",370
"DACIA","DUSTER",368
"CHEVROLET","NIVA",366
"ЗАЗ","FORZA",363
"SUBARU","OUTBACK",358
"CHERY","TIGGO 2",346
"VOLVO","XC90",346
"CHEVROLET","CRUZE",345
"HONDA","ACCORD",334
"VOLKSWAGEN","CC",328
"VOLKSWAGEN","CARAVELLE",322
"DACIA","LOGAN",315
"FIAT","QUBO",312
"MITSUBISHI","ASX",311
"RENAULT","LODGY",309
"TOYOTA","LAND CRUISER 150",306
"ЗАЗ","VIDA",302
"SKODA","OCTAVIA A5",301
"MERCEDES-BENZ","GLE 350D",300
"HYUNDAI","I30",297
"MERCEDES-BENZ","E 200",296
"DACIA","SANDERO",294
"GEELY","EMGRAND 7",292
"CITROEN","C4 CACTUS",285
"BMW","X6",283
"CITROEN","C5",278
"MERCEDES-BENZ","GLE 250D 4 MATIC",274
"FIAT","NUOVO DOBLO",272
"RENAULT","GRAND SCENIC",265
"MERCEDES-BENZ","VITO 116 CDI",263
"FORD","TRANSIT",261
"SEAT","LEON",260
"KIA","NIRO",257
"FIAT","TIPO",256
"TOYOTA","HIGHLANDER",256
"TOYOTA","AVENSIS",255
"CHEVROLET","VOLT",252
"TOYOTA","YARIS",247
"CHEVROLET","CAPTIVA",246
"LEXUS","LX 450",236
"FORD","EDGE",232
"MERCEDES-BENZ","E 200 CDI",229
"SUZUKI","GRAND VITARA",229
"MINI","COOPER",218
"FIAT","FIORINO",216
"SKODA","ROOMSTER",216
"FIAT","PANDA",213
"MERCEDES-BENZ","C 200",213
"PORSCHE","CAYENNE",211
"LAND","RANGE ROVER EVOQUE",208
"LAND","RANGE ROVER SPORT",203
"CHERY","TIGGO 5",201
"FORD","ESCAPE",201
"ROVER","DISCOVERY SPORT",199
"BMW","318D",195
"KIA","OPTIMA",194
"PEUGEOT","207",194
"RENAULT","KOLEOS",188
"VOLKSWAGEN","MULTIVAN",186
"FORD","RANGER",184
"SKODA","OCTAVIA COMBI",184
"SKODA","YETI",184
"СКС","RDS-02РП",182
"SKODA","SPACEBACK",181
"SUZUKI","VITARA S",181
"AUDI","Q3",180
"HONDA","CIVIC",177
"AUDI","A8",176
"MERCEDES-BENZ","E 220 CDI",175
"NISSAN","ROGUE",172
"MERCEDES-BENZ","GLS 350 D 4 MATIC",169
"SEAT","ALTEA",164
"TOYOTA","AURIS",161
"FIAT","PUNTO",160
"MERCEDES-BENZ","V 250",160
"PEUGEOT","PARTNER TEPEE",160
"AUDI","A1",158
"SUBARU","XV 2.0",158
"VOLKSWAGEN","PASSAT CC",155
"AUDI","A5",154
"MERCEDES-BENZ","E 220 D",154
"MERCEDES-BENZ","VIANO",152
"MERCEDES-BENZ","GLC 220D",151
"RENAULT","FLUENCE",150
"FIAT","500L",149
"DACIA","LODGY",148
"BMW","X4",138
"BMW","320D",137
"CHERY","TIGGO 3",137
"CHEVROLET","AVEO",137
"MERCEDES-BENZ","VITO 113 CDI",132
"MERCEDES-BENZ","E 220",130
"VOLKSWAGEN","SHARAN",130
"BMW","328I",129
"JAC","S2",129
"LEXUS","ES 250",129
"HYUNDAI","I10",128
"OPEL","MERIVA",128
"SMART","FORTWO",128
"MERCEDES-BENZ","GLS 350",127
"NISSAN","NOTE",126
"TOYOTA","PRIUS",126
"MERCEDES-BENZ","CITAN",125
"JAGUAR","F-PACE",121
"CHEVROLET","ORLANDO",119
"BMW","528I",118
"OPEL","COMBO",118
"MERCEDES-BENZ","GLE 43 AMG",116
"HYUNDAI","GRAND SANTA FE",115
"PEUGEOT","206",112
"HYUNDAI","I20",111
"GREAT","HAVAL M4",110
"BMW","I3",108
"MERCEDES-BENZ","GLK 220 CDI",108
"TOYOTA","VENZA",108
"FORD","MUSTANG",106
"MERCEDES-BENZ","GLE 400",106
"VOLKSWAGEN","BEETLE",106
"VOLKSWAGEN","PASSAT VARIANT",106
"INFINITI","Q50",105
"KIA","SOUL",104
"BMW","320I",103
"BMW","525D",103
"MERCEDES-BENZ","ML 250 BLUETEC",103
"FIAT","500X",102
"INFINITI","QX50",102
"BMW","528I GT",101
"CHEVROLET","SPARK",101
"RAVON","GENTRA",101
"SUZUKI","JIMNY",101
"LEXUS","LX 570",100
"LEXUS","NX 200T",100
"RENAULT","MASTER",100
"VOLVO","V50",100
"LAND","RANGE ROVER",96
"MERCEDES-BENZ","E 250 CDI",96
"SUZUKI","SX-4",95
"BMW","520",94
"FORD","C-MAX",93
"MERCEDES-BENZ","C 220",93
"HYUNDAI","IX35",90
"ROVER","DISCOVERY 3.0",90
"LEXUS","NX 300H",89
"MERCEDES-BENZ","B 180",88
"NISSAN","MICRA",88
"JEEP","RENEGADE",87
"OPEL","MOKKA",87
"MAZDA","CX-7",86
"NISSAN","QASHQAI +2",85
"BMW","530I",84
"LEXUS","CT 200H",84
"LADA","LARGUS",82
"MERCEDES-BENZ","B180 CDI",82
"MERCEDES-BENZ","VITO",82
"PORSCHE","MACAN",82
"TOYOTA","AYGO",82
"CITROEN","C3 PICASSO",81
"VOLKSWAGEN","SHARAN 2.0",81
"DAEWOO","GENTRA",80
"CHERY","TIGGO",79
"JAGUAR","XF",79
"MERCEDES-BENZ","C 180",79
"BMW","540I",78
"CITROEN","C1",78
"HYUNDAI","H-1",78
"JEEP","CHEROKEE",78
"LEXUS","NX 200",78
"VOLVO","V40CC",78
"JEEP","GRAND CHEROKEE",77
"MERCEDES-BENZ","C 300",77
"GREAT","VOLEEX C30",75
"NISSAN","SENTRA",75
"MERCEDES-BENZ","SPRINTER 316 CDI",74
"PORSCHE","MACAN R4",73
"FORD","CONNECT",72
"JEEP","COMPASS",72
"MERCEDES-BENZ","C 250",72
"OPEL","ZAFIRA TOURER",72
"PORSCHE","PANAMERA",72
"PEUGEOT","BIPPER",71
"FORD","S-MAX",70
"INFINITI","QX70",69
"VOLKSWAGEN","GOLF PLUS",69
"BMW","118 I",68
"MERCEDES-BENZ","VITO 113",68
"PEUGEOT","EXPERT TRAVELLER",68
"MAZDA","CX-3",67
"CITROEN","SPACE TOURER",66
"HONDA","PILOT",66
"MERCEDES-BENZ","GLE 400 4 MATIC",66
"SMART","FORTWO COUPE",66
"VOLKSWAGEN","ARTEON",66
"OPEL","ANTARA",65
"NISSAN","NV 200",64
"NISSAN","PIXO",64
"FIAT","CINQUECENTO",63
"MERCEDES-BENZ","E 250",63
"HYUNDAI","SOLARIS",61
"LAND","RANGE ROVER VELAR",61
"MERCEDES-BENZ","B 200",61
"AUDI","Q2",60
"BMW","320",60
"MERCEDES-BENZ","GLC 250 D",60
"TOYOTA","VERSO",60
"RENAULT","MODUS",59
"CITROEN","NEMO",58
"INFINITI","QX60",58
"KIA","STONIC",58
"ROVER","FREELANDER",58
"BMW","420I",57
"FORD","GRAND C-MAX",57
"HYUNDAI","I40",57
"RENAULT","TWINGO",57
"SEAT","ATECA",57
"ACURA","MDX",56
"FIAT","500",55
"INFINITI","Q30",55
"VOLVO","V60",55
"INFINITI","QX30",54
"JAC","S3",54
"MASERATI","LEVANTE",54
"MERCEDES-BENZ","V-KLASSE",54
"AUDI","SQ7",53
"HONDA","INSIGHT",53
"MERCEDES-BENZ","ML 250 CDI",53
"SUBARU","LEGACY",53
"BMW","528",52
"MERCEDES-BENZ","CLA 250",52
"CITROEN","DS4",51
"FORD","GALAXY",51
"CITROEN","GRAND C4 PICASSO",50
"GREAT","WINGLE",50
"PEUGEOT","EXPERT",50
"JEEP","PATRIOT",49
"LEXUS","ES 300H",49
"FIAT","FREEMONT",48
"MERCEDES-BENZ","C 220 D",48
"VOLKSWAGEN","GOLF GTI",48
"BMW","328",47
"MERCEDES-BENZ","SPRINTER",47
"VOLKSWAGEN","CRAFTER",47
"VOLVO","V90CC",47
"DAEWOO","MATIZ",46
"MINI","COOPER CLUBMAN",46
"NISSAN","ALTIMA",46
"BMW","118D",45
"DACIA","DOKKER",45
"INFINITI","Q70",45
"CHEVROLET","MALIBU",44
"OPEL","ASTRA STATION WAGON",44
"RENAULT","ESPACE",44
"RENAULT","LAGUNA 1.5",44
"BMW","316D",43
"LAND","RANGE ROVER AUTOBIOGRAPHY",42
"VOLKSWAGEN","UP",42
"LEXUS","IS 200T",41
"MERCEDES-BENZ","GLA 200",41
"MERCEDES-BENZ","S 350",41
"MINI","COOPER COUNTRYMAN",41
"SSANG","REXTON",41
"AUDI","A4 ALLROAD",40
"BMW","320D XDRIVE",40
"NISSAN","MURANO",40
"PORSCHE","MACAN GTS",40
"SEAT","ALHAMBRA 2.0",40
"BMW","535I",39
"FORD","TRANSIT CUSTOM",39
"PEUGEOT","107",39
"SUZUKI","ALTO",39
"BMW","428I",38
"VOLVO","V70",38
"CITROEN","JUMPY",37
"GREAT","C30",37
"HYUNDAI","IONIQ",37
"INFINITI","G25",37
"LEXUS","IS 250",37
"MERCEDES-BENZ","GLS 400 4 MATIC",37
"KIA","PICANTO",36
"MERCEDES-BENZ","GLS 400",36
"MINI","COOPER SD COUNTRYMAN",36
"LAND","RANGE ROVER VOQUE",35
"MERCEDES-BENZ","GLA 250",35
"MERCEDES-BENZ","GLC 220 D 4 MATIC",35
"ВАЗ","212140",35
"FORD","TOURNEO",34
"MERCEDES-BENZ","GLC 250 D 4 MATIC",34
"MERCEDES-BENZ","S 560",34
"SUZUKI","SWIFT",34
"BMW","328XI",33
"MAZDA","5",33
"MERCEDES-BENZ","ML250 BLUETEC",33
"MITSUBISHI","LANCER",33
"ACURA","RDX",32
"BMW","116D",32
"BMW","318I",32
"FORD","TRANSIT CONNECT",32
"PEUGEOT","4007",32
"SKODA","OCTAVIA A5 COMBI",32
"AUDI","A7",31
"CITROEN","DS5",31
"DACIA","LOGAN MCV",31
"FIAT","SCUDO",31
"FORD","FOCUS C-MAX",31
"MERCEDES-BENZ","GLC 220 CDI 4 MATIC",31
"NISSAN","PRIMASTAR",31
"VOLVO","V60CC",31
"BMW","116 I",30
"CHEVROLET","TRACKER",30
"CITROEN","C-CROSSER",30
"MERCEDES-BENZ","SPRINTER 313 CDI",30
"MITSUBISHI","COLT",30
"NISSAN","ROUGE",30
"SEAT","EXEO ST",30
"BMW","X5 M",29
"GREAT","M4",29
"MAZDA","CX-9",29
"MERCEDES-BENZ","GLC 250",29
"MERCEDES-BENZ","S 400",29
"MINI","COOPER S COUNTRYMAN",29
"TOYOTA","AVALON",29
"BMW","525",28
"BMW","535",28
"HONDA","HR-V",28
"MERCEDES-BENZ","A 180 CDI",28
"MERCEDES-BENZ","GLE 350D 4 MATIC",28
"MERCEDES-BENZ","GLK 250",28
"OPEL","MOVANO",28
"PEUGEOT","308 SW",28
"PEUGEOT","807",28
"SSANG","TIVOLI",28
"ЗАЗ","TF698K",28
"BENTLEY","BENTAYGA",27
"MINI","ONE",27
"VOLVO","XC70",27
"MERCEDES-BENZ","A 160",26
"MERCEDES-BENZ","GLA 200 CDI",26
"VOLKSWAGEN","FOX",26
"VOLVO","S60",26
"BMW","520I",25
"DODGE","JOURNEY",25
"GREAT","VOLEEX",25
"MERCEDES-BENZ","E 200 D",25
"TOYOTA","LAND CRUISER PRADO",25
"VOLKSWAGEN","AMAROK",25
"BMW","528XI",24
"FIAT","500 CINQUECENTO",24
"MERCEDES-BENZ","A 180",24
"MERCEDES-BENZ","GLC 300",24
"MERCEDES-BENZ","GLE 320",24
"MERCEDES-BENZ","S 350 D",24
"SEAT","EXEO",24
"HONDA","JAZZ",23
"LAND","RANGE ROVER VOGUE",23
"MERCEDES-BENZ","GLA 180",23
"MINI","COOPER S",23
"NISSAN","VERSA",23
"SMART","FORFOUR",23
"HONDA","FIT",22
"LEXUS","RX 350",22
"MERCEDES-BENZ","GLK 220 CDI 4 MATIC",22
"SSANG","KORANDO",22
"AUDI","S3",21
"CITROEN","JUMPER",21
"FORD","TOURNEO CUSTOM",21
"INFINITI","QX80",21
"MERCEDES-BENZ","E 400",21
"MERCEDES-BENZ","G 350 D",21
"MERCEDES-BENZ","GLA 220 CDI",21
"TESLA","MODEL S",21
"TOYOTA","C-HR HYBRID",21
"VOLVO","S60CC",21
"FIAT","500E",20
"MERCEDES-BENZ","CLS 250 CDI",20
"MERCEDES-BENZ","S 350 CDI 4MATIC",20
"SEAT","TOLEDO",20
"SUZUKI","ALTO 1.0",20
"VOLVO","V40",20
"АС","AC-U 396295 ШД",20
"BMW","320D GT",19
"CHERY","TIGGO 7",19
"FORD","TOURNEO CONNECT",19
"MAZDA","2",19
"MERCEDES-BENZ","B-CLASS",19
"VOLVO","S90",19
"VOLVO","V60 CC",19
"ACURA","TLX",18
"BMW","525D XDRIVE",18
"FIAT","DOBLO PANORAMA",18
"FORD","EXPLORER",18
"MERCEDES-BENZ","C 200 K",18
"MERCEDES-BENZ","GLK 200 CDI",18
"MERCEDES-BENZ","SPRINTER 213 CDI",18
"OPEL","AMPERA",18
"PEUGEOT","BOXER",18
"RENAULT","THALIA",18
"SUBARU","LEGACY OUTBACK",18
"AUDI","A6 ALLROAD",17
"HONDA","CROSSTOUR",17
"JAGUAR","XE",17
"KIA","CARENS",17
"MERCEDES-BENZ","GL 450",17
"PEUGEOT","407",17
"СКС","RDK 01РП",17
"ACURA","ILX",16
"BMW","518",16
"GREAT","HAVAL H3",16
"LEXUS","GS 200T",16
"MERCEDES-BENZ","E 300",16
"MERCEDES-BENZ","S 250 CDI",16
"MERCEDES-BENZ","S 350 CDI",16
"MERCEDES-BENZ","VITO 114",16
"MITSUBISHI","SPACE STAR",16
"SKODA","CITIGO",16
"TOYOTA","SIENNA",16
"VOLVO","S80",16
"AUDI","TT",15
"BMW","640 I",15
"FORD","KA",15
"JEEP","WRANGLER",15
"MERCEDES-BENZ","G 63 AMG",15
"MERCEDES-BENZ","GLA 220",15
"MERCEDES-BENZ","GLS 500",15
"MERCEDES-BENZ","ML 250 CDI 4 MATIC",15
"MERCEDES-BENZ","SPRINTER 316",15
"MERCEDES-BENZ","V 220 D",15
"RENAULT","LATITUDE",15
"АС","S-2123 СМД",15
"AUDI","A6 AVANT 2.0",14
"BMW","120D",14
"BMW","530D",14
"BMW","730LD",14
"CITROEN","C4 AIRCROSS",14
"FIAT","DUCATO",14
"FORD","F 150",14
"KIA","VENGA",14
"LEXUS","RC 200T",14
"MERCEDES-BENZ","CLA 200",14
"MERCEDES-BENZ","S 350 4MATIC",14
"MERCEDES-BENZ","SPRINTER 216 CDI",14
"MERCEDES-BENZ","VITO 110 CDI",14
"OPEL","AGILA",14
"TOYOTA","SCION",14
"СКС","SK-ПС",14
"BMW","750LI",13
"GMC","TERRAIN",13
"LADA","GRANTA 21901-011-51",13
"MERCEDES-BENZ","AMG C 43",13
"MERCEDES-BENZ","AMG E43",13
"MERCEDES-BENZ","E 250 D",13
"MERCEDES-BENZ","E 400 4 MATIC",13
"MERCEDES-BENZ","GLS500 4MATIC",13
"MERCEDES-BENZ","S 500 4 MATIC",13
"NISSAN","E-NV 200",13
"OPEL","ZAFIRA 1.6",13
"SEAT","ALHAMBRA",13
"SKODA","FABIA COMBI 1.2",13
"SKODA","OCTAVIA SCOUT",13
"SUZUKI","KIZASHI",13
"TOYOTA","RAV4 EV",13
"УАЗ","315195",13
"AUDI","A4 AVANT 2.0",12
"AUDI","S5",12
"BMW","535XI",12
"BMW","740 LI",12
"BUICK","ENCORE",12
"CHEVROLET","CAMARO",12
"CITROEN","DS3",12
"HYUNDAI","VELOSTER",12
"KIA","SORENTO JC 5248",12
"MERCEDES-BENZ","CLA 180",12
"MERCEDES-BENZ","CLA 220 CDI",12
"MERCEDES-BENZ","S 400 CDI",12
"MITSUBISHI","PAJERO WAGON",12
"SEAT","MII",12
"TOYOTA","HILUX",12
"BMW","218D",11
"BMW","435I",11
"BMW","730D",11
"BMW","740",11
"BMW","Z4",11
"CADILLAC","ATS",11
"CHRYSLER","200 LM",11
"HYUNDAI","TUCSON IX 35",11
"INFINITI","Q60",11
"LADA","GRANTA",11
"MERCEDES-BENZ","GLA 220 CDI 4 MATIC",11
"MERCEDES-BENZ","GLC 250 4 MATIC",11
"MERCEDES-BENZ","V 220 CDI",11
"PEUGEOT","108",11
"ROMEO","MITO",11
"VOLKSWAGEN","EOS",11
"VOLKSWAGEN","TOUAREG 7L",11
"АВТОСПЕЦПРОМ","САШМД",11
"ГАЗ","A32R33-60",11
"ACURA","TSX",10
"AUDI","A6 QUATTRO",10
"AUDI","S4",10
"BMW","316",10
"CHEVROLET","SONIC",10
"DODGE","DART",10
"JAGUAR","XJ",10
"LADA","219410",10
"LADA","GRANTA 21901-010-51",10
"LANCIA","DELTA",10
"LINCOLN","MKC",10
"MERCEDES-BENZ","G 500",10
"MERCEDES-BENZ","GLK 250 CDI 4 MATIC",10
"MERCEDES-BENZ","S 500",10
"MERCEDES-BENZ","VITO 119",10
"MITSUBISHI","PAJERO",10
"OPEL","INSIGNIA STATION WAGON",10
"ROMEO","159",10
"SCION","IM",10
"SMART","FORTWO ELECTRIC",10
"SUBARU","TREZIA",10
"TOYOTA","URBAN CRUISER",10
"VOLVO","C30",10
"СКС","VG-ПС",10
"BMW","740I",9
"BMW","740 LD XDRIVE G12",9
"CHEVROLET","EQUINOX",9
"CITROEN","C8",9
"HYUNDAI","GENESIS COUPE",9
"LEXUS","GX 460",9
"MERCEDES-BENZ","ELECTRIC DRIVE",9
"MERCEDES-BENZ","GLE 43 AMG 4 MATIC",9
"MERCEDES-BENZ","S 400 4MATIC",9
"MERCEDES-BENZ","S 500L 4MATIC",9
"MERCEDES-BENZ","SPRINTER 319 CDI",9
"MINI","COOPER D COUNTRYMAN",9
"MINI","COOPER SF56",9
"NISSAN","PATHFINDER",9
"TOYOTA","LAND CRUISER",9
"VOLKSWAGEN","E-GOLF",9
"VOLKSWAGEN","MULTIVAN-T5",9
"АВТОСНАБ","ACML-02",9
"BMW","420D",8
"BMW","535I XDRIVE",8
"DODGE","CALIBER",8
"KIA","FORTE",8
"KRASZ","RELDUZ",8
"KRASZ","SRHDP5",8
"LEXUS","RX 450H",8
"MERCEDES-BENZ","316 CDI",8
"MERCEDES-BENZ","C 220 CDI",8
"MERCEDES-BENZ","C 250D",8
"MERCEDES-BENZ","GL 350 CDI",8
"MERCEDES-BENZ","GLC 43",8
"MERCEDES-BENZ","GLS 63 AMG 4 MATIK",8
"MERCEDES-BENZ","S 63 AMG",8
"MINI","COOPER COUNTRYMAN  ALL4",8
"MITSUBISHI","MIRAGE",8
"OPEL","INSIGNIA GRAND SPORT",8
"RENAULT","TALISMAN",8
"TOYOTA","VERSO S",8
"VOLKSWAGEN","CC SPORT",8
"VOLKSWAGEN","SCIROCCO",8
"УАЗ","3163-205",8
"УАЗ","3163-305",8
"ALPINA","B7",7
"AUDI","Q3 2.0 TDI",7
"BMW","535I GT",7
"BMW","730I",7
"CHEVROLET","TRAX",7
"FORD","B-MAX",7
"HYUNDAI","IX20",7
"LAND","RANGE ROVER EVOQUE PURE",7
"LEXUS","IS 200",7
"LINCOLN","MKZ",7
"MERCEDES-BENZ","B 220",7
"MERCEDES-BENZ","CLS400",7
"MERCEDES-BENZ","E 220C",7
"MITSUBISHI","PAJERO SPORT 2.5 TD",7
"PORSCHE","CAYMAN",7
"RENAULT","TWINGO 1.2",7
"SUBARU","IMPREZA",7
"TESLA","MODEL X",7
"TOYOTA","SEQUOIA",7
"TOYOTA","СAMRY",7
"VOLKSWAGEN","GOLF SPORTSVAN",7
"VOLKSWAGEN","MULTIVAN 7H",7
"СКС","TC-ПС",7
"УАЗ","3163",7
"AUDI","SQ5",6
"BMW","750LD",6
"BMW","760LI",6
"BMW","M2",6
"BMW","M4",6
"CHERY","ARRIZO 7",6
"FIAT","BRAVO",6
"FIAT","PUNTO D",6
"FORD","ECOSPORT",6
"LEXUS","ES 300",6
"LEXUS","NX 300",6
"MASERATI","GHIBLI",6
"MASERATI","QUATTROPORTE",6
"MERCEDES-BENZ","E 250 4MATIC",6
"MERCEDES-BENZ","GLE 300D",6
"MERCEDES-BENZ","GLK 250 4 MATIC",6
"MERCEDES-BENZ","METRIS",6
"MERCEDES-BENZ","ML 350",6
"MERCEDES-BENZ","S 500L",6
"OPEL","ASTRA GTC",6
"PORSCHE","911 CARRERA",6
"PORSCHE","BOXSTER",6
"ROMEO","GIULIA",6
"ROMEO","GIULIETTA",6
"ROVER","DISCOVERY",6
"SUBARU","BRZ",6
"SUBARU","XV 1.6",6
"SUZUKI","SPLASH",6
"TK-U","3962МД А1",6
"TOYOTA","PRIUS V",6
"VOLVO","V90",6
"УАЗ","23632",6
"AUDI","RS6",5
"BMW","325",5
"BMW","335I",5
"BMW","I8",5
"CADILLAC","CTS",5
"FIAT","BRAVA",5
"GEELY","GC6",5
"GREAT","HAVAL H6",5
"HYUNDAI","AVANTE",5
"HYUNDAI","GENESIS",5
"JEEP","PATRIOT 4Х4",5
"LADA","219010",5
"LADA","GRANTA 21901-011-50",5
"LEXUS","LS 500H",5
"MERCEDES-BENZ","220 CDI",5
"MERCEDES-BENZ","AMG GLE 63",5
"MERCEDES-BENZ","B 160",5
"MERCEDES-BENZ","GLA 180 CDI",5
"MERCEDES-BENZ","GLS 450",5
"MERCEDES-BENZ","S 300",5
"MERCEDES-BENZ","S 600",5
"NISSAN","CUBE",5
"NISSAN","NV 400",5
"PORSCHE","911 TURBO S",5
"VOLVO","S40",5
"VOLVO","S60 CC",5
"АВТОСНАБ","ACMC-41",5
"АВТОСНАБ","ACML-03",5
"ВАЗ","21214",5
"СКС","RLN-03РП",5
"УАЗ","31638-205",5
"ABARTH","500",4
"AUDI","A7 3.0",4
"AUDI","S8",4
"BMW","320I XDRIVE",4
"BMW","335XI",4
"BMW","418D",4
"BMW","428XI",4
"BMW","740D XDRIVE",4
"BMW","750D",4
"BMW","M3",4
"BMW","M760LI",4
"CADILLAC","ESCALADE",4
"CADILLAC","SRX",4
"CHRYSLER","200 C",4
"DODGE","AVENGER",4
"FIAT","SEDICI",4
"GEELY","CK",4
"HONDA","ACCORD COUPE",4
"HONDA","CR-Z",4
"HYUNDAI","TUSCANI",4
"JAC","J5",4
"JAGUAR","E-PACE",4
"KRASZ","SRHDM0",4
"LADA","21947",4
"LADA","RS0Y5L-XE7-52",4
"LEXUS","HS 250H",4
"LEXUS","LC 500",4
"MERCEDES-BENZ","180C",4
"MERCEDES-BENZ","MAYBACH S560",4
"MERCEDES-BENZ","S 350L",4
"MERCEDES-BENZ","SPRINTER 210 CDI",4
"MINI","COOPER R56",4
"MITSUBISHI","I-MIEV",4
"MITSUBISHI","LANCER X",4
"NISSAN","NAVARA",4
"ROVER","DEFENDER",4
"SAAB","9-5",4
"SKODA","PRAKTIK",4
"SUBARU","CROSSTREK",4
"SUZUKI","CELERIO",4
"VOLKSWAGEN","KOMBI",4
"ЗАЗ","LANOS",4
"СКС","VWT-ПС",4
"УАЗ","31638-305",4
"УАЗ","390995-440",4
"AUDI","ALLROAD",3
"AUDI","R8",3
"AUDI","RS3",3
"BENTLEY","CONTINENTAL GT",3
"BMW","228I",3
"BMW","228I XDRIVE",3
"BMW","320D XDRIVER",3
"BMW","325D",3
"BMW","430I",3
"BMW","740 D",3
"BMW","M240I",3
"BUICK","REGAL",3
"CADILLAC","ELR",3
"CHEVROLET","CAMARO RS",3
"CHRYSLER","200 LX",3
"CITROEN","C3 AIR CROSS",3
"DODGE","RAM-1500",3
"FIAT","LINEA",3
"HONDA","ELEMENT",3
"HYUNDAI","GRANDEUR",3
"JAGUAR","XE JT2",3
"KIA","CERATO",3
"LADA","RS0Y5L-AE4-42",3
"LANCIA","YPSILON",3
"LEXUS","GS 250",3
"LEXUS","GS 300",3
"LEXUS","IS 220D",3
"LEXUS","IS 300",3
"MASERATI","GHIBLI S Q4",3
"MERCEDES-BENZ","313 CDI",3
"MERCEDES-BENZ","316",3
"MERCEDES-BENZ","A 200 CDI",3
"MERCEDES-BENZ","B 200 NG",3
"MERCEDES-BENZ","C 200T",3
"MERCEDES-BENZ","C400",3
"MERCEDES-BENZ","C 63",3
"MERCEDES-BENZ","CLA 220",3
"MERCEDES-BENZ","CLS 220D",3
"MERCEDES-BENZ","CLS 350",3
"MERCEDES-BENZ","E 350 CDI",3
"MERCEDES-BENZ","G 350",3
"MERCEDES-BENZ","GLA 45 AMG",3
"MERCEDES-BENZ","GLC 300 4MATIC",3
"MERCEDES-BENZ","GLC 43 4 MATIC",3
"MERCEDES-BENZ","GLE 450",3
"MERCEDES-BENZ","S 300 H",3
"MERCEDES-BENZ","S 550",3
"MERCEDES-BENZ","S600L",3
"MERCEDES-BENZ","SLK 250",3
"MERCEDES-BENZ","VITO 111 CDI",3
"MINI","COOPER R55",3
"MINI","JOHN COOPER WORKS",3
"MITSUBISHI","L 200",3
"NISSAN","PULSAR",3
"OPEL","ASTRA CARAVAN",3
"OPEL","CORSA COMBO",3
"PEUGEOT","308 CC",3
"PEUGEOT","4008",3
"PEUGEOT","RCZ",3
"PORSCHE","911 GT3",3
"RENAULT","LAGUNA BREAK 2.0",3
"RENAULT","ZOE",3
"ROMEO","STELVIO",3
"SCION","FR-S",3
"SCION","TC",3
"SKODA","OCTAVIA TOUR",3
"TESLA","S 85",3
"TOYOTA","AVALON HYBRID LIMITED",3
"TOYOTA","IQ",3
"VOLKSWAGEN","NEW BEETLE",3
"АВТОСНАБ","ACMC-44",3
"ТК","TK-G 2705 МД",3
"УАЗ","3163-375",3
"ALPINA","B4",2
"AUDI","A6 AVANT 1.9 TDI",2
"AUDI","S6",2
"AUDI","TTS",2
"BENTLEY","CONTINENTAL",2
"BENTLEY","FLYING SPUR",2
"BMW","120I",2
"BMW","125D",2
"BMW","220D GRAN TOURER/F46",2
"BMW","220I",2
"BMW","320D XDRIVE GT",2
"BMW","440I XDRIVE COUPE/F32",2
"BMW","518I",2
"BMW","523I",2
"BMW","525 TD",2
"BMW","535D",2
"BMW","725 TDS",2
"BMW","730LI",2
"BMW","740D",2
"CHERY","ARRIZO 3",2
"CHEVROLET","CORVETTE",2
"CHEVROLET","EQUINOX 3.4",2
"DAEWOO","NEXIA",2
"DAIHATSU","SIRION",2
"DODGE","CALIBER SXT",2
"FIAT","GRANDE PUNTO",2
"FORD","C-MAX TREND",2
"FORD","COURIER",2
"FORD","GALAXY 1.9 TDI",2
"FORD","TRANSIT 125 T350",2
"FORD","TRANSIT 300 M",2
"HONDA","CITY",2
"HYUNDAI","H1D",2
"JAGUAR","F-TYPE",2
"JAGUAR","XF 3.0",2
"JEEP","CHEROKEE LMT",2
"KIA","CARNIVAL",2
"LADA","219070",2
"LINCOLN","MKT",2
"MAZDA","6 MPS",2
"MERCEDES-BENZ","116",2
"MERCEDES-BENZ","212",2
"MERCEDES-BENZ","245 G",2
"MERCEDES-BENZ","400E",2
"MERCEDES-BENZ","A 200",2
"MERCEDES-BENZ","AMG GT S",2
"MERCEDES-BENZ","B 250",2
"MERCEDES-BENZ","CLA 45AMG 4M",2
"MERCEDES-BENZ","CLC 180 K",2
"MERCEDES-BENZ","E 200T",2
"MERCEDES-BENZ","E 350",2
"MERCEDES-BENZ","G 350 TD",2
"MERCEDES-BENZ","GL 350",2
"MERCEDES-BENZ","GLC 350",2
"MERCEDES-BENZ","MAYBACH S400 4 MATIC",2
"MERCEDES-BENZ","S 350L 4MATIC",2
"MERCEDES-BENZ","S 500 4MATIC",2
"MERCEDES-BENZ","S 500C",2
"MERCEDES-BENZ","SMART",2
"MERCEDES-BENZ","SPRINTER 316 NGT",2
"MERCEDES-BENZ","VITO 110 D",2
"MERCEDES-BENZ","VITO 120 CDI",2
"MITSUBISHI","COLT 1.3",2
"MITSUBISHI","GALANT",2
"NISSAN","TIIDA",2
"OPEL","ASTRA G VAN",2
"PORSCHE","911 CARRERA 4",2
"PORSCHE","BOXSTER S",2
"RENAULT","CLIO SOCIETE",2
"ROLLS-ROYCE","WRAITH",2
"ROVER","LR4 HSE",2
"SCION","IA",2
"SEAT","ARONA",2
"SMART","COUPE",2
"SMART","MC 01",2
"SUBARU","IMPREZA 2.0 GL",2
"SUBARU","WRX",2
"TOYOTA","COROLLA VERSO",2
"TOYOTA","YARIS VERSO",2
"VOLKSWAGEN","GOL",2
"VOLVO","C70",2
"YOGOMO","YJ7572F",2
"ZOTYE","Z100",2
"АВТОСНАБ","ACDT-02",2
"АВТОСНАБ","ACDT-05",2
"АВТОСНАБ","ACMH-01",2
"АС","AC-G-2705-СПР 8",2
"АС","AC-U 39095 ВП6",2
"АС","U-39095-ВП6",2
"ВАЗ","219010",2
"ТК","TK-V 212140 МД",2
"УАЗ","315148",2
"УАЗ","3163-275",2
"ALPINA","B3 3,0",1
"ASTON","DB11",1
"ASTON","RAPIDE S",1
"AUDI","A2",1
"AUDI","A4 AVANT 1.8",1
"AUDI","A6 2.8 5V QUATTRO",1
"AUDI","A6 ALLROAD QUATTRO",1
"AUDI","A7 3.0 TDI",1
"AUDI","CABRIO",1
"AUDI","RS5",1
"AUDI","RS7",1
"AUDI","RS Q3",1
"AUDI","S7",1
"BENTLEY","CONTINENTAL SUPERSPORTS",1
"BMW","114I",1
"BMW","128I",1
"BMW","216D",1
"BMW","218I",1
"BMW","220",1
"BMW","220D",1
"BMW","316I",1
"BMW","318 TDS",1
"BMW","318 TDS TOURING",1
"BMW","320CI",1
"BMW","325TD",1
"BMW","325XI",1
"BMW","328 IA",1
"BMW","335 IX",1
"BMW","340",1
"BMW","425D",1
"BMW","530XI",1
"BMW","540",1
"BMW","560L",1
"BMW","640D",1
"BMW","650I",1
"BMW","725 LD",1
"BMW","730",1
"BMW","740LE XDRIVE IPERFORMANCE",1
"BMW","750 LI",1
"BMW","I3S",1
"BMW","M235I",1
"BMW","M5",1
"BMW","M6",1
"BMW","X2",1
"CADILLAC","XTS",1
"CHEVROLET","CAPRICE",1
"CHEVROLET","EXPRESS",1
"CHEVROLET","HHR",1
"CHEVROLET","IMPALA",1
"CHEVROLET","LACETTI",1
"CHEVROLET","SPARK EV",1
"CHRYSLER","200S",1
"CITROEN","CX",1
"CITROEN","SAXO",1
"DAIHATSU","CHARADE",1
"DAIHATSU","TERIOS",1
"DODGE","CHALLENGER",1
"FAW","CAR CA7158E5",1
"FERRARI","458 SPIDER",1
"FERRARI","488 SPIDER",1
"FIAT","FULLBACK",1
"FIAT","PUNTO 75",1
"FIAT","PUNTO TDS",1
"FORD","CUSTOM",1
"FORD","EXPLORER 4.0",1
"FORD","FIESTA COURIER",1
"FORD","FIGO",1
"FORD","SCORPIO WAGON 2.0 I",1
"FORD","TRANSIT 100",1
"FORD","TRANSIT 330L",1
"FORD","TRANSIT 350L",1
"FORD","TRANSIT T280",1
"GEELY","CE-2",1
"GEELY","EMGRAND EC7",1
"HONDA","CIVIC CRX",1
"HONDA","FIT LX",1
"HYUNDAI","COUPE",1
"HYUNDAI","ELECTRA",1
"HYUNDAI","EQUUS",1
"HYUNDAI","GRAND STAREX",1
"JAC","J2",1
"JAC","J4",1
"JAC","J6",1
"JEEP","PATRIOT SPORT",1
"KIA","OPIRUS",1
"KIA","SEDONA",1
"KRASZ","CH23H5",1
"KRASZ","DCCEMO",1
"KRASZ","G3BZC7",1
"KRASZ","JL36P9",1
"LADA","21214",1
"LADA","219060",1
"LADA","21941",1
"LADA","219470",1
"LADA","GFL120",1
"LADA","GRANTA 21901-040-41",1
"LADA","GRANTA 219070-23P-51",1
"LADA","VESTA",1
"LANCIA","MUSA",1
"LEXUS","ES 350",1
"LINCOLN","CONTINENTAL",1
"LINCOLN","MKS",1
"LINCOLN","MKX",1
"MAPLE","SHARENGO",1
"MASERATI","GRANTURISMO",1
"MAZDA","323",1
"MAZDA","BT50",1
"MAZDA","MX-5",1
"MAZDA","RX-8",1
"MCLAREN","MP4-12C",1
"MERCEDES-BENZ","113",1
"MERCEDES-BENZ","200",1
"MERCEDES-BENZ","200 E",1
"MERCEDES-BENZ","213CDI",1
"MERCEDES-BENZ","216 CDI",1
"MERCEDES-BENZ","220",1
"MERCEDES-BENZ","250",1
"MERCEDES-BENZ","250 D",1
"MERCEDES-BENZ","300C E",1
"MERCEDES-BENZ","639-4",1
"MERCEDES-BENZ","A 140",1
"MERCEDES-BENZ","A 220",1
"MERCEDES-BENZ","A45",1
"MERCEDES-BENZ","AMG GLS 63 4MATIC",1
"MERCEDES-BENZ","B 170",1
"MERCEDES-BENZ","C 200 D",1
"MERCEDES-BENZ","CLS 250",1
"MERCEDES-BENZ","CLS 400 4 MATIC",1
"MERCEDES-BENZ","CLS 63 AMG",1
"MERCEDES-BENZ","E 200 CABRIOLET",1
"MERCEDES-BENZ","E 200 K",1
"MERCEDES-BENZ","E 220T",1
"MERCEDES-BENZ","E 250 CGI",1
"MERCEDES-BENZ","E 430",1
"MERCEDES-BENZ","E 500 4 MATIC",1
"MERCEDES-BENZ","E 63 AMG",1
"MERCEDES-BENZ","GLA 250 4 MATIC",1
"MERCEDES-BENZ","GLC 220 D 4MATIC",1
"MERCEDES-BENZ","GLC 350 D 4MATIC",1
"MERCEDES-BENZ","GLE 320 4 MATIC",1
"MERCEDES-BENZ","GLE 350",1
"MERCEDES-BENZ","GLE 450 4MATIC",1
"MERCEDES-BENZ","GLE 450 AMG 4 MATIC",1
"MERCEDES-BENZ","GLE 500 4 MATIC",1
"MERCEDES-BENZ","GLE 500E",1
"MERCEDES-BENZ","GLS 450 4 MATIC",1
"MERCEDES-BENZ","MAYBACH S500",1
"MERCEDES-BENZ","MAYBACH S500 4 MATIC",1
"MERCEDES-BENZ","MAYBACH S600",1
"MERCEDES-BENZ","MAYBACH S650",1
"MERCEDES-BENZ","ML 400",1
"MERCEDES-BENZ","ML 400 CDI",1
"MERCEDES-BENZ","ML 500",1
"MERCEDES-BENZ","R 320 CDI",1
"MERCEDES-BENZ","R350",1
"MERCEDES-BENZ","S 55",1
"MERCEDES-BENZ","S 63 AMG 4 MATIC",1
"MERCEDES-BENZ","S63 COUPE",1
"MERCEDES-BENZ","SL 400",1
"MERCEDES-BENZ","SLC 200",1
"MERCEDES-BENZ","SLC 300",1
"MERCEDES-BENZ","SLC 43 AMG",1
"MERCEDES-BENZ","SPRINT 313",1
"MERCEDES-BENZ","SPRINTER 310 CDI",1
"MERCEDES-BENZ","SPRINTER 513 CDI",1
"MERCEDES-BENZ","SPRINTER 516 CDI",1
"MERCEDES-BENZ","SPRINTER 906BB35",1
"MERCEDES-BENZ","SPRINTER 906OK50",1
"MERCEDES-BENZ","VITO 108",1
"MERCEDES-BENZ","VITO 109 CDI",1
"MERCEDES-BENZ","VITO 112CDI",1
"MINI","COOPER S PACEMAN",1
"MITSUBISHI","LANCER EVOLUTION X",1
"MITSUBISHI","RVR",1
"MITSUBISHI","SPEACE STAR",1
"MPM","PS 160",1
"NISSAN","ALMERA",1
"NISSAN","GT-R",1
"NISSAN","MARCH",1
"NISSAN","PATHFINDER DCI",1
"NISSAN","SENTRA 160",1
"OPEL","COMBO VAN",1
"PEUGEOT","TREVELLER",1
"PORSCHE","911",1
"PORSCHE","911 CARRERA S",1
"PORSCHE","911 GT2",1
"PORSCHE","997",1
"RAVON","MATIZ",1
"RENAULT","AHORN",1
"RENAULT","CLIO SIMBOL",1
"RENAULT","GRAND MODUS",1
"RENAULT","NY CLIO",1
"RENAULT","SYMBOL",1
"RENAULT","WIND",1
"ROMEO","4C",1
"SCION","IQ",1
"SCION","XB",1
"SKODA","OCTAVIA ЗНГ",1
"SMART","CABRIO",1
"SMART","CITY",1
"SMART","MC",1
"SSANG","ACTYON SPORTS",1
"SSANG","KYRON",1
"SUBARU","IMPREZA WRX-STI",1
"SUBARU","WRX STI",1
"SUZUKI","IGNIS",1
"SUZUKI","JIMNY HT",1
"TAZZARI","ZERO",1
"TESLA","MODEL X P90D",1
"TESLA","X P100D",1
"TOYOTA","CARINA",1
"TOYOTA","COROLLA ST.WAG.1.3 I",1
"TOYOTA","LAND CRUISER 150VX",1
"TOYOTA","LAND CRUISER 4.5",1
"TOYOTA","LAND CRUISER PRADO 120",1
"TOYOTA","MATRIX",1
"TOYOTA","TACOMA",1
"TOYOTA","TUNDRA",1
"TOYOTA","YARIS HYBRID",1
"VOLKSWAGEN","APOLLO",1
"VOLKSWAGEN","CALIFORNIA",1
"VOLKSWAGEN","CRAFTER 35",1
"VOLKSWAGEN","GLI",1
"VOLKSWAGEN","GOLF 4 2.0",1
"VOLKSWAGEN","SHARAN 1.9 TDI",1
"VOLKSWAGEN","VW BEETLE",1
"ZONGSHEN","J7",1
"АВТОСНАБ","ACMR-04",1
"АВТОСНАБ","ACMR-09",1
"АВТОСНАБ","ACMT-01",1
"АВТОСНАБ","ACMT-11",1
"АВТОСНАБ","ACМJ-03",1
"АЗЛК","2140",1
"АС","AC-G 322141 ШДТ",1
"АС","AC-G 3221741 ШДТ",1
"АС","U-396295",1
"ВАЗ","21053",1
"ВАЗ","21070",1
"ВАЗ","210934-20",1
"ВАЗ","211440",1
"ВАЗ","21154",1
"ВАЗ","217030",1
"ВС","CITROEN SPACE TOURER",1
"ВС","TRAVELLER",1
"ГАЗ","М-21",1
"ЗАЗ","110307",1
"РОСАВТО","КРАУ-V2123-МД",1
"СКС","VWC-ПС",1
"СКС","VWM-ПС",1
"СКС","VWP-ПС",1
"ТК","TK-G 2705 ВП6",1
"ТК","TK-U 2206 CG8",1
"ТК","TK-U 3962 МД",1
"УАЗ","22069",1
"УАЗ","31512",1
"УАЗ","315148-095",1
"УАЗ","3163-340",1
