"producer","n"
ВАЗ,200368
VOLKSWAGEN,116429
MERCEDES-BENZ,95059
RENAULT,87418
TOYOTA,70431
SKODA,57799
OPEL,52192
DAEWOO,50506
ЗАЗ,50315
FORD,47100
HYUNDAI,46535
CHEVROLET,46279
NISSAN,41187
MITSUBISHI,40124
ГАЗ,35294
BMW,35072
AUDI,31716
KIA,29914
HONDA,29157
MAZDA,25831
PEUGEOT,24887
FIAT,21211
DAF,17557
CITROEN,16850
ЗАЗ-DAEWOO,14819
LEXUS,13750
MAN,13678
CHERY,13285
SUZUKI,13025
VOLVO,12035
GEELY,11042
КАМАЗ,10958
SUBARU,10191
SCHMITZ,9792
ПГМФ,8569
МАЗ,8167
ЗИЛ,7780
УАЗ,6916
БОГДАН,6740
DACIA,6430
ЛЕВ,6362
LAND ROVER,5923
KOGEL,5705
SEAT,5664
БАЗ,5624
KRONE,5242
IVECO,4838
АЗЛК,4486
ИЖ,4450
VIPER,4226
YAMAHA,4135
SCANIA,3923
АМС,3911
КРД,3785
РУТА,3660
SSANG YONG,3582
ПГ,3564
PORSCHE,3432
INFINITI,3324
RAVON,3187
ЗИЛ-ММЗ,3050
SMART,2771
КРАЗ,2612
ГКБ,2421
SCHWARZMULLER,2379
MUSSTANG,2356
ПАЗ,2310
ЛІДЕР,2251
SPARK,2240
LIFAN,2140
ПАВАМ,1882
КРЕОН,1841
GREAT WALL,1828
LADA,1788
JEEP,1698
БОБЕР,1508
BODEX,1398
WIELTON,1374
SHINERAY,1354
САЗ,1331
ACURA,1325
DODGE,1324
GEON,1316
FRUEHAUF,1307
УВН,1300
ГАЗ-САЗ,1252
KAWASAKI,1222
СЗАП,1200
VAN HOOL,1193
СКС,1095
ОДИСЕЙ,1074
NEOPLAN,1050
АС,1043
MINI,1015
КМЗ,996
TRAILOR,957
ATAMAN,934
ОДАЗ,931
I-VAN,897
CHRYSLER,885
ПАЛИЧ,885
TATA,874
НЕФАЗ,874
ISUZU,864
ТА-НО,861
DELTA,843
УРАЛ,803
JAGUAR,759
SAMRO,746
JAC,741
ALPHA,735
АВТОБАН,731
САНТЕЙ,709
ЛУАЗ,698
FAW,697
PACTON,677
BAJAJ,672
JAWA,659
ВЕРДА,657
SETRA,632
КАРАВАН,632
BYD,617
КАМА,551
DAIHATSU,533
ЛАЗ,520
LONCIN,515
KASSBOHRER,511
HARLEY-DAVIDSON,498
ALFA ROMEO,495
YIBEN,490
КНОТТ,478
INDOX,457
ПР,449
LAMBERET,447
МУРАВЕЙ,444
ММЗ,430
KRASZ,423
ПФ,420
CHEREAU,404
SOUL,403
GENERAL TRAILERS,401
JIANSHE,400
FOTON,374
JANMIL,373
ПА,370
IKCO,369
SKYMOTO,368
FLIEGL,367
КАВЗ,356
RENDERS,356
MG,350
РАФ,339
STAS,336
KANUNI,333
LAG,331
ROVER,331
KINLON,323
ПВА,320
CADILLAC,317
EVERLAST,303
ММВЗ,299
LANCIA,289
PANAV,287
IKARUS,283
BENTLEY,276
BENALU,274
TESLA,272
SKYBIKE,264
ЕТАЛОН,248
SYM,247
MAGYAR,243
ПП,242
MEGA,238
ВАРЗ,235
SPARTA,234
LEADER,228
LDV,224
ZONGSHEN,223
SOMMER,222
ACKERMANN,216
ДНІСТЕР,215
ППЦ,215
LANGENDORF,214
DEFIANT,210
HYOSUNG,209
ДНІПРО,209
SAAB,209
КРЕМІНЬ,208
QINGQI,204
BURG,203
ТК,202
ХАЗ,201
КТС,199
ОСЬ,199
DADI,197
PRU,196
CARNEHL,193
UMS,193
TATRA,192
ROBUSTE,189
APRILIA,186
MASERATI,185
HUMMER,184
ПРАГМАТЕК,181
МЗМА,179
LECITRAILER,179
TRAILER,177
ЧАЗ,175
СКИФ,174
GROENEWEGEN,172
ГАЛАЗ,171
KELBERG,160
КАРЗ-6,159
TROUILLET,159
HUMBAUR,158
FOXWELL,158
VENTUS,157
NAVIGATOR,157
MERCERON,156
BERGER,154
METACO,152
КОБАЛЬТ,151
FADA,146
KTM,146
FREIGHTLINER,144
FELDBINDER,143
ПГА,142
ИМЗ,141
SPEED GEAR,140
EUROLOHR,140
ROLFO,139
ШЗК,139
КАРЗ-М,135
NIEWIADOW,135
LINCOLN,133
NOVATRAIL,130
CODER,128
HAFEI,126
SAMAND,125
ZREMB,125
HOBBY,123
PIAGGIO,122
PONTIAC,121
IFA,121
DUCATI,119
STOKOTA,119
IDEAL,119
YOUYI,118
BOVA,118
CHANA,117
MEILLER,117
КУПАВА,116
GMC,114
ЕХО,113
AVIA,113
INTERCARGO TRUCK,112
EOS,110
DONG FENG,108
REISCH,107
КРКЗ,106
MAPLE,106
SABUR,105
LOHR,105
BLUMHARDT,105
KAISER,102
LDS,101
KEMPF,101
OZGUL,100
VPS,97
ZX AUTO,97
ВЛІВ,96
ТМЗ,96
TAD,95
СТРИЙ-АВТО,93
GRAY ADAMS,93
DROMECH,92
AC,90
PATRIOT,89
TEMSA,89
ПУТНИК,87
DESOT,87
GRAS,87
ХТ,86
ЧМЗАП,85
ZASLAW,85
БЗП,84
SDC,84
ВІДІ,83
СПВ,81
WECON,80
БДЖІЛКА,80
MONTRACON,80
MEUSBURGER,80
HENDRICKS,79
VIBERTI,79
GEN TRAIL,79
ВИС,79
ALFA,78
DENNISON,77
КЗАП,76
ГАЗ-ЧАЗ,76
SPITZER,76
CMT,76
ТУР,75
CARDI,73
TITAN,73
ГАРЗ,72
SPUTNIK,71
KOTSCHENREUTHER,71
GOLDHOFER,71
ПВ,71
SINOTRUK,70
ПАТРИОТМОТО,70
NARKO,70
INTER CARS,69
АНАТОЛЬ,69
SAM,69
WARTBURG,68
MAISONNEUVE,68
ASKO,67
ORTHAUS,67
BASHAN,66
PEZZAIOLI,65
YUTONG,65
FEBER,65
SAMSUNG,65
KEEWAY,64
SPIER,64
КАЗ,64
ПМЗ,63
MENCI,62
VAN ECK,62
FLOOR,62
NOOTEBOOM,62
HORSE,61
HUNTER,60
ERISKAY,60
TABBERT,58
MIROFRET,58
ATM,58
QJIANG,58
ПУТД,57
LATRE,57
BORO,56
KNAUS,56
GOFA,56
G-MAX,56
HOWO,56
BLYSS,56
ЕЛЕКТРОН,55
INTERNATIONAL,54
СБМ,53
CORRADO,53
SCHWERINER,53
CZ,52
XGJAO,52
WACKENHUT,51
WEIGHTLIFTER,51
SAIPA,51
ПЦ,50
SOR,50
NURSAN,49
ZONDER,49
ZORZI,49
JINLING,48
MX,48
BARKAS,48
EAGLE,48
MOL,48
BSLT,48
ТЦ,47
WEKA,46
HANGLER,46
JUMBO,45
YUEJIN,45
STIM,45
KIP,45
CHANGAN,44
YAMASAKI,44
ЗИД,44
CAN-AM,44
КС,44
BULTHUIS,43
АЛЬФАМОТО,43
РТ,42
ZHEJIANG,42
FAYMONVILLE,42
OVA,42
WEEKEND,42
ПС,42
KAROSA,42
KLAESER,41
ACERBI,41
DETHLEFFS,40
BRILLIANCE,40
HFR,40
VOGELZANG,39
PLYMOUTH,39
KROMHOUT,39
ROLLS-ROYCE,39
KNAPEN,38
BUICK,38
COUNTRY MAN,38
GROZ,38
SHAOLIN,38
АВТОСНАБ,37
BROSHUIS,37
KINROAD,37
BMW ALPINA,36
POLKON,36
KYMCO,36
ADRIA,36
ТАРЗ,35
FERRARI,35
MERKER,35
САМОРОБНИЙ,35
BAOTIAN,35
ASIA MOTORS,35
PIACENZA,34
SMA,34
НПС,34
LECINENA,34
FREJAT,33
MERCURY,33
FOSTI,33
KAESSBOHRER,33
GS,33
КТП,33
LANDWIND,33
SOUEAST,32
RAVENHORST,32
SIMPLE,32
ROHR,32
MEIERLING,32
ENERCO,32
BURSTNER,32
KONAR,32
OZTREYLER,32
BRENDERUP,31
AUREPA,31
ASTON MARTIN,31
ТОМ,31
ASTRA,31
AUTOSAN,30
МДКЗ,30
АВ СПЛАВ,30
BSL,30
ЛИАЗ,30
H&W,30
ZHONGXING,30
АСП,29
CHATEAU,29
OMEPS,29
DAPA,28
ТОНАР,28
BARTOLETTI,28
AVTOTREIDING,28
DINKEL,28
XCMG,28
BSS,27
LIAZ,27
TRIUMPH,27
GEUSENS,27
АГ,27
RIGA,27
ВЕСТТ,27
ALI RIZA USTA,26
GONOW,26
АВТОТОРГ,26
ГАС,26
ASCA,26
JBWCO,26
АВТОСПЕЦПРОМ,26
BAODIAO,26
ВІВА,26
HTF,26
TIRSAN,26
ЗИМ,26
УПП,26
АТ,25
CRANE,25
SARIS,25
TANG,25
GNIOTPOL,25
FSO,25
HUSQVARNA,25
XINGYUE,25
BOCKMANN,25
CPI,25
GILERA,24
SCHROEDER,24
ZUK,24
KING,24
DIJKSTRA,24
STREET FOOD,24
МТМ,24
HAPERT,24
WILCOX,24
YORK,24
САТ,23
BUERSTNER,23
KOEHLER,23
MALAGUTI,23
PROTON,23
FUTONG,23
ЧЗ,23
SHACMAN,23
VICTORY,23
SIMSON,23
BUMAR,23
VESPA,22
ИАПЗ,22
ПЛ,22
NYSA,22
WILK,22
WILLIG,22
SCION,22
KENWORTH,22
HOFFMANN,21
STERN,21
MICHIELETTO,21
PANNONIA,21
DRACO,21
WM MEYER,21
ERF,21
ZASTA,21
KOSCIAN,21
KHOTT,21
WZM,21
OVIBOS,21
SATURN,20
EDUARDS,20
ВМЗ,20
LUEBTHEEN,20
ЕРАЗ,20
KARFA,20
ROSSART-GIFUT,20
TRAMP TRAIL,20
RICOE,20
КО,20
ВЕЛМАШ-УКРАЇНА,20
CMC,20
ANSSEMS,20
СІЧ,19
АЦНГ,19
GUOWEI,19
LANGFELD,19
ГРАНІТ,19
TEMA,19
WIOLA,19
ABARTH,19
ROS ROCA,19
CAMC,18
ALKA,18
BEIJING,18
GEPARD,18
BEYERLAND,18
OBERMAIER,18
ПМ,18
ARO,18
HUFFERMANN,18
MPM,18
MOTO GUZZI,18
VIKING,18
MOSLEIN,17
LEGRAS,17
FLANDRIA,17
RF,17
СМЗ,17
NFP-EUROTRAILER,17
АЗХМ,17
BAW,17
АМ,17
ES-GE,17
LUECK,17
АНТОР,17
НПЦ,17
GWM,17
CRAVEN,17
TIGER,17
TIANMA,17
OLDSMOBILE,17
RAVEN,16
EAST DRAGON,16
KERIS,16
ППМ,16
VAUXHALL,16
SCHIER,16
HOME-CAR,16
АП,16
BC-LDS,16
ФПВ,16
ЛМЗ,16
ТВ1,16
SPERMANN,16
TRACON,16
CFMOTO,16
XINKAI,15
BECKUM,15
HUATIAN,15
LEOPARD,15
INDIAN,15
UNITED TRAILERS,15
MULLER-MITTELTAL,15
WOT,15
WILSON,15
RYDWAN,15
YIYING,15
THULE,15
SCHMIDT,15
ЧАРЗ,15
DOLL,15
SHELF,15
FLUID,14
SAWO,14
BOECKMANN,14
BOS,14
ХТР,14
FENDT,14
FIAT-IVECO,14
ВОЛЖАНИН,14
KNOTT,14
WILKEN,14
KUMLIN,14
METALCHEM,14
MOESLEIN,14
TURBO'S HOET,14
OMT,14
STEVENS,14
PS,14
RINNEN,13
SCHEUERLE,13
TURBUD,13
DOGAN,13
ФХА,13
CARTWRIGHT,13
HLS,13
JNEN,13
TAURAS,13
GENATA,13
ELLINGHAUS,13
MUDAN,13
HP,13
PEGASO,13
ППТЦ,13
SANYOU,13
ТЗА,13
ORTEN,13
HUANGHAI,13
KRAKER,13
TK-U,13
ЛТ,12
OTOKAR,12
ДНЕПР,12
WESTFALIA,12
ABI,12
SCHWINGENSCHLOGEL,12
MAFA,12
M&V,12
CONTAR,12
RECKER,12
JMSTAR,12
MOTOJET,12
STEMA,12
EZ LOADER,12
MONTENEGRO,12
PRIM-BALL,12
ZOTYE,12
АЦ,12
ZNEN,12
FISA,12
CLAYTON,12
ДСАН,12
TITAL,11
FBL,11
PROD RENT,11
WIESE,11
ATRAVEL,11
VOCOL,11
HUABEI,11
WITTEVEEN,11
Г6,11
PNO,11
DROGMOLLER,11
HEINEMANN,11
MUELLER,11
HANIA,11
CARAVANS,11
SONST,11
PIONEER,11
BMC,11
ZUBR,11
АСЧ,11
РМЗ,11
CHANGHE,11
HRD,11
МОКАВТО,10
HODGEP,10
LORD,10
HIPOCAR,10
JELCZ,10
ESPERO,10
AGUSTA,10
HILTL,10
TRACKER,10
TRABOSA,10
LIEBHERR,10
GREW,10
MADO,10
MEPPEL,10
ROYAL ENFIELD,10
ZWALVE,10
KRUKENMEIER,10
STINGER,10
БРИЗ,10
СИН,10
ЮМА,10
ELZAM,10
POLARSUN,10
TASKER,10
ITAS-PTI,10
FORWARD,10
GUVEN,10
СОФІТ,10
METALOVOUGA,10
CHONGQING,9
ZASTAVA,9
MONO-TRANSSERVISS,9
ЦПП,9
DAELIM,9
МЖА,9
UNTERHOLZNER,9
SIGMA,9
HENRA,9
XINLING,9
GURLESENYIL TREYLER,9
GUHUR,9
SHANYANG,9
WITZCO,9
JIEDA,9
SERRUS,9
PETERBILT,9
SONIK,9
TAM,9
KTMZ,9
KWB,9
УПР,9
BOLGAN,9
LEVEQUES,9
TRABANT,9
RATO,9
LINHAI,9
BUNGE,9
LINTRAILERS,9
LMC,9
CAGIVA,9
CAMRO,9
CARAVELAIR,9
LPGAS,9
ZHWEKI,9
КВЗ,9
EISEL,9
TRANDERS,9
MUNSTERLAND,9
AKUMOTO,9
MBK,9
MEERT,9
KAISAR,8
FLYBO,8
ROTHDEAN,8
WULING,8
WANFENG,8
HYMER,8
TSA,8
HALL,8
WOLF,8
MAX,8
VOZILA,8
HONGXING,8
GEO,8
HIGER,8
AGADOS,8
YILTEKS,8
AUSTIN,8
SYRIUSZ,8
STEYR,8
UTILITY,8
ACHLEITNER,8
LIFTLUX,8
MTDK,8
TR'AX,8
OVERLANDER,8
HW,8
LAMBORGHINI,8
BULLET,8
BERTOJA,8
INTERCONSULT,8
KORTEN,8
ZUKA,8
M&G,8
КАШТАН,8
LUOJIA,8
RABA,7
AWARD,7
PCMZ,7
ТАДЖИКИСТАН,7
TEC,7
KRAMER,7
SVF,7
WELLMEYER,7
BENELLI,7
DERBI,7
THOMPSON,7
ANDOVER TRAILER,7
GRAAFF,7
SATRI,7
SHAANXI,7
GTI,7
POLARIS,7
ЕВЕРЛАСТ,7
ВАМС,7
FODEN,7
TINSLEY,7
SHAWOOM,7
АЦПТ,7
REGAL-RAPTOR,7
FAUVET,7
NUOVA,7
ZIE,7
HERMANNS,7
FARCINOX,7
ROBUR,7
ЦТА,7
DONBUR,7
KATO,7
MORTCH,7
KARAVAN,7
CRYO AB,7
JUNGHANNS,7
UTVA,7
NETAM,7
UGBEST,7
MAYBACH,7
DAB,7
HOERSTEL,7
VENOM,7
JUNG,7
METAL VURAIC,7
RIYA,7
ELDDIS,7
ELBO,7
SVAN,6
HUONIAO,6
JIALING,6
HONOLD,6
HONLING,6
AM,6
HLW,6
KAMINAH,6
KAYAK,6
АПЗ,6
АСПЗ,6
KESSBORER,6
БЗТМ,6
WUELLHORST,6
ВОСХОД,6
ВС,6
WILLYS,6
WEIJER,6
FORMAT,6
FINKL,6
WEBER,6
ETA,6
ESTERER,6
КАРЗ,6
КДМ,6
EKW,6
MARTZ,6
КРЕДМАШ,6
ALAMEN,6
КУБАЗ,6
MEIER,6
DE BUF,6
DAV,6
VEB,6
VDL,6
CUPPERS,6
MILDNER,6
МАЗ-МАН,6
UABIKE,6
МЗКТ,6
TRAX,6
CHARLES ROBERTS,6
CARBO,6
NEPTUN,6
TRAILIS,6
NOPA,6
BRIAB,6
ADIGE,6
BRANDUS,6
TIKI-TREILER,6
BOAT,6
ПТ,6
OTOSAN,6
BD,6
TECHNEX,6
СЕАЗ,6
AWB,6
ZTS VVU KOSICE,6
AVENTO,6
SANH,6
PRAGA,6
SHUANGHUAN,6
STERLING,6
SIMATRA,6
RIEDLER,6
SPIKE,6
VIGOROUS,5
MAXILODE,5
DOGUMAK,5
TRIKE,5
MULLER,5
VOLGABUS,5
ALCOA,5
HISUN,5
CHANGJIANG,5
WABASH,5
WABGO,5
ОПП,5
ПАГЗ,5
SACHS,5
WAGEN-MEYER,5
ZVVZ,5
ATCOMEX,5
LOTUS,5
ТАПЗ,5
BUSTER,5
IFOR WILLIAMS,5
TPV,5
NSD,5
YINXIANG,5
ROFA,5
OCETRANS,5
WEB TRAILER,5
JUNGE,5
ДТЗ,5
BOEHM,5
BODDEN,5
STAR,5
RAGE HARD,5
FSN,5
FSS-KIELCE,5
BETA,5
WELGRO,5
SNVI,5
FUQI,5
ГРАНД КРУЇЗ,5
OVRIGA,5
HOLVRIEKA,5
САРЗ,5
ГЛОБУС,5
ROBINE,5
WESTFALIA LOADING SYSTEMS,5
GERBLINGER,5
GINAF,5
KREBS,5
SWIFT,5
GLOWACZ,5
PETRO,5
WISBECH,5
KOCKUMS,5
PLANDEX,5
PLANS,5
GRUNENFELDER,5
ROBERT,5
GUILLEN,5
ВАРТА,5
SANDI,5
SHLADOT,5
KEWESEKI,5
JINBEI,5
АР,5
UNSINN,5
АПГ,5
MKF METALLBAU,5
UNIVAN,5
CRYOLOR,5
METALAIR,5
HEULIEZ,5
МРІЯ,5
MEGASTAR,5
DENNIS,5
CHEVAL LIBERTE,5
TURBOHOET,4
MENKE,4
TECHAU,4
BAILEY,4
ГЗСА,4
КУБАНЬ,4
BABELSBERG,4
HUPPER,4
HORCH,4
RAVO,4
ANDREOLI,4
GENERIC,4
ХАРЗ,4
TANDEM MOTOR,4
INTA-EIMAR,4
KARSAN,4
EDER,4
MIKILON,4
TALSON,4
SCHWELMER,4
KROLL,4
AVONDALE,4
AGRICOM,4
MZ,4
ERHARDT,4
ВЯТКА,4
SCHRADER,4
PRO-WAM,4
MONTULL,4
KRAEMER,4
ESVE,4
TSR,4
СТС,4
SERIN,4
EUROEJECTORS,4
LOAD RITE,4
GORGAN,4
LML,4
EXPLORER,4
ЗІМ,4
ZOOM LION,4
LIMBURG,4
GORICA,4
BUDAMOBIL,4
ЗИС,4
BUCA,4
HOTRARIJS,4
BS,4
FAUN,4
ЛАСЗ,4
JZU,4
SAXAS,4
PILOT,4
CONVECS,4
FIT-ZEL,4
FLEETWOOD,4
LECSOR,4
DENGA,4
ЛТЗ,4
CUHADAR TRAILER,4
VARMO,4
WOERMANN,4
ТГА,4
FROMBERGER,4
ЮГУМ,4
BLOMENROEHR,4
JETSTAR,4
MEUSER,4
KING LONG,4
HALLER,4
БРОНТО,4
ДНЕСТР,4
STL,4
XCITING,4
LAMBERT,4
GARELLI,4
ABBEY,4
БП,4
TERBERG,4
BEILHARZ,4
CHN HAMLE,4
AUSBER,4
BC HUTNIK,4
ЛОМОВОЗ,4
KILCE,3
ABEL,3
ABL,3
ALI RIZA PETROL,3
ALLIED,3
ANDRES,3
AUTOREMONT,3
BARAKUDA,3
BARTHAU,3
BIO,3
BLOMERT,3
BRABUS,3
BRENTA,3
BRIAN JAMES,3
CALDAL,3
CARENZI,3
CARMOSINO,3
CHARMING,3
CHRIST,3
CORUS,3
COSKUN,3
CYMERMAN,3
DAIFO,3
DAK,3
DERCKS,3
DE REU,3
DFSK,3
DIAU,3
DUNDRUM,3
EDMO,3
ESCHEN,3
EURAMOBIL,3
FILLIAT,3
FISKER,3
FOUR WINNS,3
FRANK,3
FYM,3
GHEYSEN-VERPOORT,3
GINSBERG-FAHRZEUGBAU,3
HAOBON,3
HECK,3
HIRTH,3
HOYNOR,3
HUASHA,3
HYDROS,3
JILKO,3
JL,3
JONWAY,3
JOTHA,3
JUROS,3
KAMAG,3
KEREX,3
KH-KIPPER,3
KONTEX,3
KUFER,3
LAMBRECHT,3
LAWRENCE DAVID,3
LENAERTS,3
LIDER,3
LINGBEN,3
LOGEMANN,3
LOHEAC,3
LOUAULT,3
LSU,3
LUNAR,3
MAGIRUS,3
MARBUS,3
MASINA,3
MASSENZA,3
MEGELLI,3
MELTON,3
MINERVA,3
MS-PARTS,3
NEW WORLD,3
NICODEME,3
OLYMPMOTORS,3
OMAR,3
OMEP,3
ORLICAN,3
OZTURK,3
PEISCHL,3
POLAR,3
PONGRATZ,3
QIPAI,3
REMORK,3
ROBUSTER,3
R&S,3
SACIM,3
SANOS,3
SCHALLEX,3
SCHUTZ,3
SCHWAGMEIER,3
SEDDON,3
SHORELAND'R,3
SHORELINE,3
SINSKI,3
SPRITE,3
SPROLL,3
STERCKEMAN,3
SWIDNIK,3
TALBOT,3
TA-NO,3
TECNOKAR,3
TEN-CATE,3
TIJHOF,3
TRAILERBYGG,3
TRAILERGRUPPEN,3
TRAILSTAR,3
VARSHAVA,3
VM TARM,3
WALKLINER,3
WEFA,3
WEIPPERT,3
WH,3
WIND,3
WSK-KROSNO,3
ZF-KY,3
АРУП,3
ВЕЛМАШ,3
ГРАЗ,3
ДС,3
КЗПМ,3
ЛКЗ,3
НЕМАН,3
ОПТІМА,3
ПБ,3
ПГС,3
ПРН,3
ПСБ,3
РАННЕР СВТ,3
РСМ,3
СВЯТОВИТ,3
СЕМАР,3
СЗ,3
ТЗГОИА,3
У,3
ТС,2
JMC,2
JJ,2
FEHRING,2
PEGASUS,2
TREY-MAK,2
RANDON,2
FAP,2
JIANGNAN,2
TGB,2
FANTIC,2
ZANNER,2
MACK,2
EUROTRAILER,2
EUROTANK,2
THALMAN,2
M+S,2
PGO,2
ERIBA,2
ZENITH,2
TRUVA,2
ZERO,2
ФУА,2
КВРЗ,2
JANZEN,2
RIGO,2
THRUN-EICKER,2
УПЛ,2
SUMOTO,2
EICHELBERGER,2
THUNDERBIKE,2
EDUARD,2
LISTRAILER,2
MONON,2
ZIKUN,2
DUENSCHEDE,2
D-TEC,2
DO TRAILERS,2
DORSEY,2
REWACO,2
LINK,2
IRISBUS FRANCE,2
IPSA,2
PRESTEL,2
LIMBURGER,2
LEVEN,2
PBS,2
DEMICO,2
ТСМ,2
ZRUST,2
LEIPERSBERGER,2
HUNGAROTANK,2
DBM,2
ZUCK,2
PARTENHEIMER,2
DANSON,2
PFERDETRANSPORTER,2
CSEPEL,2
HULCO,2
STADLER,2
UMM,2
CORSAR,2
ALGA,2
OLBERNHAU,2
МВ,2
CONTINENTAL,2
COMPOSITTRAILER,2
TIRKON,2
LAKO,2
МЗСА,2
МЛТ,2
COMAN,2
MLT,2
MISTRALL,2
COACHMAN,2
WFS,2
HKM,2
OKT TRAILER,2
AKSOYLU,2
НЕМИГА,2
OGHAB-SCANIA,2
НЗАС,2
НЛМК,2
HGW,2
HEUSER,2
ТПА,2
CHALLENGER,2
ОЗП,2
АКАЦІЯ,2
HERO,2
PARCISA,2
CASTERA,2
SNF,2
ПАГ,2
АМУР,2
KTHW,2
ПАЗС,2
HEKU,2
HEIWO,2
HEITLING,2
HEIT,2
CAETANO,2
CABBY,2
VAN DER WERF,2
TOUGHLINE,2
WILHELM,2
KROEGER,2
VANG,2
PARAGAN,2
HASER,2
WILLEN,2
BRACO,2
KREIDLER,2
KOSTENER,2
ППЦЗ,2
BOERNER,2
SONTAN,2
ПРЛ,2
PANISSARS,2
BMI TRAILERS,2
AGA CRYO,2
ФИДМАШ,2
BIRRER,2
БЕЛАЗ,2
NORFRIG,2
БЕСКИД,2
NIKOLAS,2
HAOMEI,2
BENZHOU,2
RARIRO,2
WISMUT,2
KOEPER,2
ADLY,2
BELCAR,2
РУСТРАК,2
BEFA,2
BEDFORD,2
HAO CHE,2
BATHE,2
KOBIT,2
KOBER,2
BAN,2
БСМ,2
HAKO,2
HAHN,2
HAASIS,2
GUSCHL,2
ACTM,2
TBV,2
NEVKARSAN,2
AUTOMECANICA,2
AUTOGALANTAS,2
СКІФ,2
AUTO-CHLODNIA,2
GULERYUZ,2
KM,2
WOLFANGEL,2
SOYAT,2
ALTA,2
TRAILERS,2
GRUAU,2
AT,2
VEKEN,2
GROVE,2
METEOR,2
GROENEWOLD,2
NEVILLE CHARROLD,2
TRAIL KING,2
GOTHAER,2
STOPEXIM,2
VERDONK,2
SPORT MARINE,2
SCM,2
VEZEKO,2
VIBERSTI,2
ЮМЗ,2
GEWE,2
SEICO,2
GERVASI,2
GEORG-EDGAR,2
SOLIFER,2
GELLHAUS,2
SFM,2
MAX TRAILER,2
SCANDIA,2
TECO,2
ГМ,2
ALCAR,2
GAUL,2
FUTIAN,2
ГСМ,2
SHENKE,2
XIYANGHONG,2
MASSEY,2
ALKOM,2
SYSTEM TRAILERS,2
SAHIN,2
FSK,2
ТКЗ,2
FROMCO,2
RUTHMANN,2
VOGT,2
FREUDENAU,2
FRECH-HOCH,2
RUFA,2
ACS,2
MULTICAR,2
SKIBICKI,2
KABE,2
RONDAN'S,2
JOHN,2
YOGOMO,2
SLISKO,2
ZHONGHENG,1
ZHONG TONG BUS,1
JANSSENS,1
ZHONGYU,1
JANITSCHKE HARSEFELD,1
IWT,1
ZIEGLER,1
ITAS,1
ITALJET,1
ZORRO,1
INVEPE,1
IHSAN,1
Z PLUSZ F TRANS,1
IGASS,1
IFB,1
ZUGGABEL,1
HUMMEL,1
ZUNDAPP,1
HUAWIN,1
HOMEMADE,1
HOLIDAY RAMBLER,1
АВС,1
HOGSTAD,1
АВТО,1
HOEOETMAN,1
HMK BILCON,1
АВТОТЕХНОЛОГІЯ,1
HINO,1
HERSTELLER,1
HERITAGE,1
HERCULES,1
HENNIGSDORF,1
HEINRICH FUCHS,1
ALESIN,1
HEIMBURGER,1
HEIL,1
HECO,1
HEBMULLER,1
HARTMANN,1
HARRYDA,1
HARMS,1
БА,1
HARBECK,1
HAPPY,1
БЕЛАРУС,1
БЕЦЕМА,1
HAOJIN,1
HAOJIANG,1
HAOJIAN,1
HANOMAG,1
HANGE,1
ВЕКТОР,1
ALE,1
GTF,1
GSH,1
ВЗДМ,1
GRUNDMEIER,1
GRUBE,1
ВЛАДИМИР,1
ВМ,1
GREUTER,1
GRAVEN,1
ВТУ,1
GLASTRON,1
GINSBERG,1
GFOLLNER,1
ГАЗИСО,1
GFG,1
GENESIS,1
GEIDOBLER,1
GEFRA,1
ДАРЗ,1
F.U.M.,1
FULU,1
FUCHS,1
ХАС,1
FRIEDERICH,1
FORSS,1
FONTAINE,1
FLURI,1
FLAMINGO,1
FKM MEMMINGEN,1
FIAULT,1
FELLECHNER,1
FBM,1
ЗИМСОН,1
FARO,1
ЗСА,1
ИАП,1
FABA,1
EVER,1
EUROKRAN,1
ESTEREL,1
ESTEPE,1
ERDE,1
ENTWISTLE,1
EMTECH,1
EMPL,1
EMIRSAN,1
ELLEBI,1
AKYEL,1
КЗС,1
КИНЕШМА,1
EGYEDI,1
DULEVO,1
КП,1
DUIS,1
DORGLER,1
DONATE,1
КСМ,1
КТА,1
DKW,1
DERWAYS,1
DEN OUDSTEN,1
DENKA,1
DELLSPERGER,1
DECKERS,1
DEBON,1
DE ANGELIS,1
ХТЗ,1
DAYANG,1
DAC,1
CROSSLAND,1
ЛУМЗ,1
МАГИСТР,1
COOLS,1
МАРЗ,1
COMPASS,1
COMETTO,1
COBOS HERMANOS,1
COBO HERMANOS,1
CMK,1
CIREP,1
НАТРИКС,1
CIMC SILVERGREEN,1
CIMC,1
CHITUMA,1
CHIAVETTA,1
CC CHARLEROI CONSTRUCTIONS,1
AJK,1
CBS REMORQUES,1
CASEY,1
CARSUL,1
CARRY-ON,1
CARLUX,1
ПАНИЧ,1
CAMTOURIST,1
AIRLIQUIDE,1
BY DE LEY,1
BURKAU,1
BRUENING,1
AHP,1
BRIDGE BODIES,1
BREINING,1
BRANOYSKI,1
BRANDL,1
BPW,1
BOURGET,1
BOALLOY,1
AGAMA,1
ПСМ,1
BGV,1
BESSACARR,1
BERGLAND,1
BERDEX,1
ЧЗСА,1
РЗ,1
BENDRON TITAN,1
ROLL,1
BAUER,1
BATE,1
САРМАТ,1
СБ,1
BALBI,1
ADLER,1
AYDENIZ,1
ЭЛЕКТРОН,1
AWM,1
AUWARTER,1
AUTOBIANCHI,1
СОКОЛ,1
СОМЗ,1
AUTEK,1
AUGUST VOGES,1
СТ,1
ATALA,1
ТА,1
ASVE,1
ART,1
ARDOR,1
ТАР,1
ARB,1
APEL,1
SCHWINGE,1
SCHWEIKERT,1
SCK,1
SCHUSTER,1
SEALION,1
SCHUETTE,1
ANNABURGER,1
SCHNEIDER,1
SCHLAUBE,1
SCHENK,1
SFH,1
SGAC CARGO,1
SAURER,1
SHANGHAI,1
SATELLITE,1
SARA,1
SANY,1
SANWALD,1
SANLI,1
SANDHAUS,1
ТЗ,1
ANB,1
SIGGES,1
SAHARA,1
SIMACAR,1
RUSCHMEIER,1
RUKU,1
SINNIS,1
SISU,1
RSA,1
ROLLER,1
SKYTEAM,1
РОСАВТО,1
ROEBEN,1
SMC,1
S.M.TRILERS,1
RODRIGUEZ,1
ROCKET,1
RJH,1
RIVERSIDE,1
RIGUAL,1
RICO,1
SOUTH,1
RHON,1
REX,1
RESSENIG,1
REHR,1
RANGER,1
AMH,1
SR,1
RAM-LIN,1
STAHL,1
STANDARD,1
RAF,1
PROMENA,1
STEDELE,1
STEELBEAR,1
PROINSA,1
AMERIDAC,1
PRIMBOX,1
PREXOR,1
PPM,1
POPP JOH,1
POPPE,1
POM-SREM,1
POMIERS,1
PLATAL,1
STREETLINER,1
STRICKER,1
STROLI,1
SUKIDA,1
SUNDIRO,1
SUNSHINE,1
PEZZOLATO,1
PERFORMANCE,1
SWEI,1
ALZAGA,1
PEREE,1
SYKMT,1
PEKI,1
PEITZ,1
TABARRINI,1
PEDRETTI,1
TAISHAN,1
ALUMA,1
PEARCE&WHITE,1
PCJ,1
TAMERO,1
TANK/APP.-BAU BECKUM,1
TANNER,1
TASKIR,1
PAOLING,1
TAZZARI,1
PANELTEX,1
PALEX,1
PAGIS,1
ТРЕЙЛЕР,1
PAGENKOPF,1
PACKARD,1
OWD,1
OTTEN,1
THIEL,1
ORTMANN,1
ORLEN MECHANIKA,1
ORBONS,1
TIANXI,1
OMSP MACOLA,1
OLTCIT,1
TIMA,1
TIMPTE,1
NTM,1
NOUVA,1
TOFAS,1
NOTHNAGEL,1
NOR-SLEP,1
TR,1
NFP,1
NEXTRAIL,1
ALTINORDU,1
TRAIL ONA,1
M&W,1
TRAILTECH,1
MUV-ALL,1
MURSEM,1
TRANSPORTER ENGINEERING,1
MULDY,1
TRAYL-ONA,1
TRIGANO,1
MUENZ,1
TRIKETEC,1
MORGAN,1
MOPEX,1
MONTY,1
T&T,1
MONTALBAN,1
MONDIAL,1
MONCAYO,1
UBH,1
UDO ROCK,1
MOLCIK,1
UMBRA,1
UMIKOV,1
MOESSBAUER,1
MODENAS,1
MIRANDOLA,1
URVAN,1
MILLMOOR,1
MIKE'S TRAILER,1
UZOTOYOL,1
MIELE,1
MIDDENDORF,1
VAN WEEL,1
VAPP,1
VAR,1
VARIANT,1
MH,1
AL-METALLTECHNIK,1
MEVISSEN,1
METZ,1
METSAN,1
VECTRIX,1
VENTA,1
VENTURE,1
MEITIAN,1
MECANOREM,1
MCLAREN,1
MAZZARIOL,1
MATTILAN,1
MASKON,1
MASANNEK,1
VOLCAN,1
MARTRANS,1
MARTE,1
MARO,1
MAP,1
MAGARI,1
MACGREGOR,1
LUBTHEEN,1
WAF,1
LUBLIN,1
WAHL,1
WALDE,1
WALLENHORST,1
WANDERER,1
WANGYE,1
WARNEKE,1
WD,1
LEMEX,1
WEEGHEL,1
ALIM,1
WEFERLINGER,1
LEIBING,1
LCZ,1
LAURSEN,1
LANG,1
LAKELAND,1
KUTSENITS,1
ALF,1
WHEELBASE,1
WIDPOL,1
KUSCUOGLU,1
WIENMANN,1
KRUPP,1
WILEX,1
KRIEGLER,1
WILLE,1
KOPF,1
WINCANTON,1
KONTAR,1
WIRTH,1
KOLUMAN,1
WNP-SUSKI,1
KMA,1
WONJAN,1
WOODFORD,1
KLAGIE,1
ALEX,1
WST,1
WT-METALL,1
KLAGE,1
KINGWAY,1
WUPPINGER,1
KING STAR,1
KILAFORS,1
KIESLING,1
KH,1
KFB,1
KERKERBACH,1
KERENZO,1
KEPPLER,1
KENNIS,1
YEKSAN,1
KATAYA,1
KAMA,1
YINGANG,1
JODMET,1
YUGO,1
YULON,1
YUNLU,1
ZANH VERKAUFSFZ,1
JET SKI,1
JET,1
JCS,1
ZC,1
ZEPPIA,1
